{
	"start":	{
		"connected":	[{
				"socket":	4,
				"local_host":	"172.31.18.179",
				"local_port":	53488,
				"remote_host":	"172.31.23.89",
				"remote_port":	5201
			}],
		"version":	"iperf 3.1.7",
		"system_info":	"Linux ip-172-31-18-179.us-west-2.compute.internal 5.10.147-133.644.amzn2.x86_64 #1 SMP Fri Oct 14 01:16:24 UTC 2022 x86_64",
		"timestamp":	{
			"time":	"Sat, 03 Dec 2022 18:20:10 GMT",
			"timesecs":	1670091610
		},
		"connecting_to":	{
			"host":	"ip-172-31-23-89.us-west-2.compute.internal",
			"port":	5201
		},
		"cookie":	"ip-172-31-18-179.us-west-2.compute.i",
		"tcp_mss_default":	8949,
		"test_start":	{
			"protocol":	"TCP",
			"num_streams":	1,
			"blksize":	131072,
			"omit":	0,
			"duration":	10,
			"bytes":	0,
			"blocks":	0,
			"reverse":	0
		}
	},
	"intervals":	[{
			"streams":	[{
					"socket":	4,
					"start":	0,
					"end":	1.000181,
					"seconds":	1.000181,
					"bytes":	1196342128,
					"bits_per_second":	9.569005e+09,
					"retransmits":	0,
					"snd_cwnd":	1288656,
					"rtt":	858,
					"omitted":	false
				}],
			"sum":	{
				"start":	0,
				"end":	1.000181,
				"seconds":	1.000181,
				"bytes":	1196342128,
				"bits_per_second":	9.569005e+09,
				"retransmits":	0,
				"omitted":	false
			}
		}, {
			"streams":	[{
					"socket":	4,
					"start":	1.000181,
					"end":	2.000062,
					"seconds":	0.999881,
					"bytes":	1190133760,
					"bits_per_second":	9.522203e+09,
					"retransmits":	0,
					"snd_cwnd":	1288656,
					"rtt":	869,
					"omitted":	false
				}],
			"sum":	{
				"start":	1.000181,
				"end":	2.000062,
				"seconds":	0.999881,
				"bytes":	1190133760,
				"bits_per_second":	9.522203e+09,
				"retransmits":	0,
				"omitted":	false
			}
		}, {
			"streams":	[{
					"socket":	4,
					"start":	2.000062,
					"end":	3.000060,
					"seconds":	0.999998,
					"bytes":	1191444480,
					"bits_per_second":	9.531574e+09,
					"retransmits":	0,
					"snd_cwnd":	1288656,
					"rtt":	878,
					"omitted":	false
				}],
			"sum":	{
				"start":	2.000062,
				"end":	3.000060,
				"seconds":	0.999998,
				"bytes":	1191444480,
				"bits_per_second":	9.531574e+09,
				"retransmits":	0,
				"omitted":	false
			}
		}, {
			"streams":	[{
					"socket":	4,
					"start":	3.000060,
					"end":	4.000061,
					"seconds":	1.000001,
					"bytes":	1191444480,
					"bits_per_second":	9.531547e+09,
					"retransmits":	0,
					"snd_cwnd":	1288656,
					"rtt":	874,
					"omitted":	false
				}],
			"sum":	{
				"start":	3.000060,
				"end":	4.000061,
				"seconds":	1.000001,
				"bytes":	1191444480,
				"bits_per_second":	9.531547e+09,
				"retransmits":	0,
				"omitted":	false
			}
		}, {
			"streams":	[{
					"socket":	4,
					"start":	4.000061,
					"end":	5.000061,
					"seconds":	1,
					"bytes":	1191444480,
					"bits_per_second":	9531555840,
					"retransmits":	0,
					"snd_cwnd":	1360248,
					"rtt":	878,
					"omitted":	false
				}],
			"sum":	{
				"start":	4.000061,
				"end":	5.000061,
				"seconds":	1,
				"bytes":	1191444480,
				"bits_per_second":	9531555840,
				"retransmits":	0,
				"omitted":	false
			}
		}, {
			"streams":	[{
					"socket":	4,
					"start":	5.000061,
					"end":	6.000073,
					"seconds":	1.000012,
					"bytes":	1191444480,
					"bits_per_second":	9.531442e+09,
					"retransmits":	0,
					"snd_cwnd":	1360248,
					"rtt":	883,
					"omitted":	false
				}],
			"sum":	{
				"start":	5.000061,
				"end":	6.000073,
				"seconds":	1.000012,
				"bytes":	1191444480,
				"bits_per_second":	9.531442e+09,
				"retransmits":	0,
				"omitted":	false
			}
		}, {
			"streams":	[{
					"socket":	4,
					"start":	6.000073,
					"end":	7.000063,
					"seconds":	0.999990,
					"bytes":	1190133760,
					"bits_per_second":	9.521165e+09,
					"retransmits":	0,
					"snd_cwnd":	1360248,
					"rtt":	892,
					"omitted":	false
				}],
			"sum":	{
				"start":	6.000073,
				"end":	7.000063,
				"seconds":	0.999990,
				"bytes":	1190133760,
				"bits_per_second":	9.521165e+09,
				"retransmits":	0,
				"omitted":	false
			}
		}, {
			"streams":	[{
					"socket":	4,
					"start":	7.000063,
					"end":	8.000060,
					"seconds":	0.999997,
					"bytes":	1191444480,
					"bits_per_second":	9.531583e+09,
					"retransmits":	0,
					"snd_cwnd":	1360248,
					"rtt":	899,
					"omitted":	false
				}],
			"sum":	{
				"start":	7.000063,
				"end":	8.000060,
				"seconds":	0.999997,
				"bytes":	1191444480,
				"bits_per_second":	9.531583e+09,
				"retransmits":	0,
				"omitted":	false
			}
		}, {
			"streams":	[{
					"socket":	4,
					"start":	8.000060,
					"end":	9.000062,
					"seconds":	1.000002,
					"bytes":	1191444480,
					"bits_per_second":	9.531538e+09,
					"retransmits":	0,
					"snd_cwnd":	1360248,
					"rtt":	894,
					"omitted":	false
				}],
			"sum":	{
				"start":	8.000060,
				"end":	9.000062,
				"seconds":	1.000002,
				"bytes":	1191444480,
				"bits_per_second":	9.531538e+09,
				"retransmits":	0,
				"omitted":	false
			}
		}, {
			"streams":	[{
					"socket":	4,
					"start":	9.000062,
					"end":	10.000072,
					"seconds":	1.000010,
					"bytes":	1191444480,
					"bits_per_second":	9.531460e+09,
					"retransmits":	0,
					"snd_cwnd":	1360248,
					"rtt":	898,
					"omitted":	false
				}],
			"sum":	{
				"start":	9.000062,
				"end":	10.000072,
				"seconds":	1.000010,
				"bytes":	1191444480,
				"bits_per_second":	9.531460e+09,
				"retransmits":	0,
				"omitted":	false
			}
		}],
	"end":	{
		"streams":	[{
				"sender":	{
					"socket":	4,
					"start":	0,
					"end":	10.000072,
					"seconds":	10.000072,
					"bytes":	11916721008,
					"bits_per_second":	9.533308e+09,
					"retransmits":	0,
					"max_snd_cwnd":	1360248,
					"max_rtt":	899,
					"min_rtt":	858,
					"mean_rtt":	882
				},
				"receiver":	{
					"socket":	4,
					"start":	0,
					"end":	10.000072,
					"seconds":	10.000072,
					"bytes":	11913266837,
					"bits_per_second":	9.530545e+09
				}
			}],
		"sum_sent":	{
			"start":	0,
			"end":	10.000072,
			"seconds":	10.000072,
			"bytes":	11916721008,
			"bits_per_second":	9.533308e+09,
			"retransmits":	0
		},
		"sum_received":	{
			"start":	0,
			"end":	10.000072,
			"seconds":	10.000072,
			"bytes":	11913266837,
			"bits_per_second":	9.530545e+09
		},
		"cpu_utilization_percent":	{
			"host_total":	11.957063,
			"host_user":	0.564529,
			"host_system":	11.392514,
			"remote_total":	23.319581,
			"remote_user":	4.091188,
			"remote_system":	19.228393
		},
		"sender_tcp_congestion":	"cubic",
		"receiver_tcp_congestion":	"cubic"
	}
}
