{
	"start":	{
		"connected":	[{
				"socket":	4,
				"local_host":	"172.31.61.68",
				"local_port":	41734,
				"remote_host":	"172.31.63.87",
				"remote_port":	5201
			}],
		"version":	"iperf 3.1.7",
		"system_info":	"Linux ip-172-31-61-68.us-west-2.compute.internal 5.10.147-133.644.amzn2.x86_64 #1 SMP Fri Oct 14 01:16:24 UTC 2022 x86_64",
		"timestamp":	{
			"time":	"Sat, 03 Dec 2022 18:30:07 GMT",
			"timesecs":	1670092207
		},
		"connecting_to":	{
			"host":	"ip-172-31-63-87.us-west-2.compute.internal",
			"port":	5201
		},
		"cookie":	"ip-172-31-61-68.us-west-2.compute.in",
		"tcp_mss_default":	8949,
		"test_start":	{
			"protocol":	"TCP",
			"num_streams":	1,
			"blksize":	131072,
			"omit":	0,
			"duration":	10,
			"bytes":	0,
			"blocks":	0,
			"reverse":	0
		}
	},
	"intervals":	[{
			"streams":	[{
					"socket":	4,
					"start":	0,
					"end":	1.000174,
					"seconds":	1.000174,
					"bytes":	1196408937,
					"bits_per_second":	9.569608e+09,
					"retransmits":	0,
					"snd_cwnd":	1351299,
					"rtt":	961,
					"omitted":	false
				}],
			"sum":	{
				"start":	0,
				"end":	1.000174,
				"seconds":	1.000174,
				"bytes":	1196408937,
				"bits_per_second":	9.569608e+09,
				"retransmits":	0,
				"omitted":	false
			}
		}, {
			"streams":	[{
					"socket":	4,
					"start":	1.000174,
					"end":	2.000062,
					"seconds":	0.999888,
					"bytes":	1190133760,
					"bits_per_second":	9.522135e+09,
					"retransmits":	0,
					"snd_cwnd":	1351299,
					"rtt":	939,
					"omitted":	false
				}],
			"sum":	{
				"start":	1.000174,
				"end":	2.000062,
				"seconds":	0.999888,
				"bytes":	1190133760,
				"bits_per_second":	9.522135e+09,
				"retransmits":	0,
				"omitted":	false
			}
		}, {
			"streams":	[{
					"socket":	4,
					"start":	2.000062,
					"end":	3.000063,
					"seconds":	1.000001,
					"bytes":	1191444480,
					"bits_per_second":	9.531547e+09,
					"retransmits":	0,
					"snd_cwnd":	1431840,
					"rtt":	932,
					"omitted":	false
				}],
			"sum":	{
				"start":	2.000062,
				"end":	3.000063,
				"seconds":	1.000001,
				"bytes":	1191444480,
				"bits_per_second":	9.531547e+09,
				"retransmits":	0,
				"omitted":	false
			}
		}, {
			"streams":	[{
					"socket":	4,
					"start":	3.000063,
					"end":	4.000061,
					"seconds":	0.999998,
					"bytes":	1191444480,
					"bits_per_second":	9.531576e+09,
					"retransmits":	0,
					"snd_cwnd":	1431840,
					"rtt":	920,
					"omitted":	false
				}],
			"sum":	{
				"start":	3.000063,
				"end":	4.000061,
				"seconds":	0.999998,
				"bytes":	1191444480,
				"bits_per_second":	9.531576e+09,
				"retransmits":	0,
				"omitted":	false
			}
		}, {
			"streams":	[{
					"socket":	4,
					"start":	4.000061,
					"end":	5.000062,
					"seconds":	1.000001,
					"bytes":	1191444480,
					"bits_per_second":	9.531544e+09,
					"retransmits":	0,
					"snd_cwnd":	1494483,
					"rtt":	910,
					"omitted":	false
				}],
			"sum":	{
				"start":	4.000061,
				"end":	5.000062,
				"seconds":	1.000001,
				"bytes":	1191444480,
				"bits_per_second":	9.531544e+09,
				"retransmits":	0,
				"omitted":	false
			}
		}, {
			"streams":	[{
					"socket":	4,
					"start":	5.000062,
					"end":	6.000056,
					"seconds":	0.999994,
					"bytes":	1191444480,
					"bits_per_second":	9.531615e+09,
					"retransmits":	0,
					"snd_cwnd":	1494483,
					"rtt":	906,
					"omitted":	false
				}],
			"sum":	{
				"start":	5.000062,
				"end":	6.000056,
				"seconds":	0.999994,
				"bytes":	1191444480,
				"bits_per_second":	9.531615e+09,
				"retransmits":	0,
				"omitted":	false
			}
		}, {
			"streams":	[{
					"socket":	4,
					"start":	6.000056,
					"end":	7.000063,
					"seconds":	1.000007,
					"bytes":	1190133760,
					"bits_per_second":	9.521002e+09,
					"retransmits":	0,
					"snd_cwnd":	1494483,
					"rtt":	896,
					"omitted":	false
				}],
			"sum":	{
				"start":	6.000056,
				"end":	7.000063,
				"seconds":	1.000007,
				"bytes":	1190133760,
				"bits_per_second":	9.521002e+09,
				"retransmits":	0,
				"omitted":	false
			}
		}, {
			"streams":	[{
					"socket":	4,
					"start":	7.000063,
					"end":	8.000062,
					"seconds":	0.999999,
					"bytes":	1191444480,
					"bits_per_second":	9.531565e+09,
					"retransmits":	0,
					"snd_cwnd":	1494483,
					"rtt":	879,
					"omitted":	false
				}],
			"sum":	{
				"start":	7.000063,
				"end":	8.000062,
				"seconds":	0.999999,
				"bytes":	1191444480,
				"bits_per_second":	9.531565e+09,
				"retransmits":	0,
				"omitted":	false
			}
		}, {
			"streams":	[{
					"socket":	4,
					"start":	8.000062,
					"end":	9.000062,
					"seconds":	1,
					"bytes":	1191444480,
					"bits_per_second":	9531555840,
					"retransmits":	0,
					"snd_cwnd":	1494483,
					"rtt":	871,
					"omitted":	false
				}],
			"sum":	{
				"start":	8.000062,
				"end":	9.000062,
				"seconds":	1,
				"bytes":	1191444480,
				"bits_per_second":	9531555840,
				"retransmits":	0,
				"omitted":	false
			}
		}, {
			"streams":	[{
					"socket":	4,
					"start":	9.000062,
					"end":	10.000074,
					"seconds":	1.000012,
					"bytes":	1191444480,
					"bits_per_second":	9.531442e+09,
					"retransmits":	0,
					"snd_cwnd":	1494483,
					"rtt":	862,
					"omitted":	false
				}],
			"sum":	{
				"start":	9.000062,
				"end":	10.000074,
				"seconds":	1.000012,
				"bytes":	1191444480,
				"bits_per_second":	9.531442e+09,
				"retransmits":	0,
				"omitted":	false
			}
		}],
	"end":	{
		"streams":	[{
				"sender":	{
					"socket":	4,
					"start":	0,
					"end":	10.000074,
					"seconds":	10.000074,
					"bytes":	11916787817,
					"bits_per_second":	9.533360e+09,
					"retransmits":	0,
					"max_snd_cwnd":	1494483,
					"max_rtt":	961,
					"min_rtt":	862,
					"mean_rtt":	907
				},
				"receiver":	{
					"socket":	4,
					"start":	0,
					"end":	10.000074,
					"seconds":	10.000074,
					"bytes":	11913374225,
					"bits_per_second":	9.530629e+09
				}
			}],
		"sum_sent":	{
			"start":	0,
			"end":	10.000074,
			"seconds":	10.000074,
			"bytes":	11916787817,
			"bits_per_second":	9.533360e+09,
			"retransmits":	0
		},
		"sum_received":	{
			"start":	0,
			"end":	10.000074,
			"seconds":	10.000074,
			"bytes":	11913374225,
			"bits_per_second":	9.530629e+09
		},
		"cpu_utilization_percent":	{
			"host_total":	11.630152,
			"host_user":	0.936428,
			"host_system":	10.693725,
			"remote_total":	28.448231,
			"remote_user":	2.538704,
			"remote_system":	25.909522
		},
		"sender_tcp_congestion":	"cubic",
		"receiver_tcp_congestion":	"cubic"
	}
}
