{
	"start":	{
		"connected":	[{
				"socket":	4,
				"local_host":	"172.31.12.152",
				"local_port":	46030,
				"remote_host":	"172.31.7.248",
				"remote_port":	5201
			}],
		"version":	"iperf 3.1.7",
		"system_info":	"Linux ip-172-31-12-152.us-west-2.compute.internal 5.10.147-133.644.amzn2.x86_64 #1 SMP Fri Oct 14 01:16:24 UTC 2022 x86_64",
		"timestamp":	{
			"time":	"Sat, 03 Dec 2022 18:34:32 GMT",
			"timesecs":	1670092472
		},
		"connecting_to":	{
			"host":	"ip-172-31-7-248.us-west-2.compute.internal",
			"port":	5201
		},
		"cookie":	"ip-172-31-12-152.us-west-2.compute.i",
		"tcp_mss_default":	8949,
		"test_start":	{
			"protocol":	"TCP",
			"num_streams":	1,
			"blksize":	131072,
			"omit":	0,
			"duration":	10,
			"bytes":	0,
			"blocks":	0,
			"reverse":	0
		}
	},
	"intervals":	[{
			"streams":	[{
					"socket":	4,
					"start":	0,
					"end":	1.000065,
					"seconds":	1.000065,
					"bytes":	1195353572,
					"bits_per_second":	9.562206e+09,
					"retransmits":	0,
					"snd_cwnd":	1297605,
					"rtt":	810,
					"omitted":	false
				}],
			"sum":	{
				"start":	0,
				"end":	1.000065,
				"seconds":	1.000065,
				"bytes":	1195353572,
				"bits_per_second":	9.562206e+09,
				"retransmits":	0,
				"omitted":	false
			}
		}, {
			"streams":	[{
					"socket":	4,
					"start":	1.000065,
					"end":	2.000062,
					"seconds":	0.999997,
					"bytes":	1191444480,
					"bits_per_second":	9.531585e+09,
					"retransmits":	0,
					"snd_cwnd":	1297605,
					"rtt":	826,
					"omitted":	false
				}],
			"sum":	{
				"start":	1.000065,
				"end":	2.000062,
				"seconds":	0.999997,
				"bytes":	1191444480,
				"bits_per_second":	9.531585e+09,
				"retransmits":	0,
				"omitted":	false
			}
		}, {
			"streams":	[{
					"socket":	4,
					"start":	2.000062,
					"end":	3.000065,
					"seconds":	1.000003,
					"bytes":	1191444480,
					"bits_per_second":	9.531526e+09,
					"retransmits":	0,
					"snd_cwnd":	1297605,
					"rtt":	834,
					"omitted":	false
				}],
			"sum":	{
				"start":	2.000062,
				"end":	3.000065,
				"seconds":	1.000003,
				"bytes":	1191444480,
				"bits_per_second":	9.531526e+09,
				"retransmits":	0,
				"omitted":	false
			}
		}, {
			"streams":	[{
					"socket":	4,
					"start":	3.000065,
					"end":	4.000064,
					"seconds":	0.999999,
					"bytes":	1191444480,
					"bits_per_second":	9.531567e+09,
					"retransmits":	0,
					"snd_cwnd":	1297605,
					"rtt":	817,
					"omitted":	false
				}],
			"sum":	{
				"start":	3.000065,
				"end":	4.000064,
				"seconds":	0.999999,
				"bytes":	1191444480,
				"bits_per_second":	9.531567e+09,
				"retransmits":	0,
				"omitted":	false
			}
		}, {
			"streams":	[{
					"socket":	4,
					"start":	4.000064,
					"end":	5.000082,
					"seconds":	1.000018,
					"bytes":	1191444480,
					"bits_per_second":	9.531383e+09,
					"retransmits":	0,
					"snd_cwnd":	1297605,
					"rtt":	832,
					"omitted":	false
				}],
			"sum":	{
				"start":	4.000064,
				"end":	5.000082,
				"seconds":	1.000018,
				"bytes":	1191444480,
				"bits_per_second":	9.531383e+09,
				"retransmits":	0,
				"omitted":	false
			}
		}, {
			"streams":	[{
					"socket":	4,
					"start":	5.000082,
					"end":	6.000064,
					"seconds":	0.999982,
					"bytes":	1190133760,
					"bits_per_second":	9.521243e+09,
					"retransmits":	0,
					"snd_cwnd":	1297605,
					"rtt":	815,
					"omitted":	false
				}],
			"sum":	{
				"start":	5.000082,
				"end":	6.000064,
				"seconds":	0.999982,
				"bytes":	1190133760,
				"bits_per_second":	9.521243e+09,
				"retransmits":	0,
				"omitted":	false
			}
		}, {
			"streams":	[{
					"socket":	4,
					"start":	6.000064,
					"end":	7.000061,
					"seconds":	0.999997,
					"bytes":	1191444480,
					"bits_per_second":	9.531583e+09,
					"retransmits":	0,
					"snd_cwnd":	1297605,
					"rtt":	820,
					"omitted":	false
				}],
			"sum":	{
				"start":	6.000064,
				"end":	7.000061,
				"seconds":	0.999997,
				"bytes":	1191444480,
				"bits_per_second":	9.531583e+09,
				"retransmits":	0,
				"omitted":	false
			}
		}, {
			"streams":	[{
					"socket":	4,
					"start":	7.000061,
					"end":	8.000061,
					"seconds":	1,
					"bytes":	1191444480,
					"bits_per_second":	9531555840,
					"retransmits":	0,
					"snd_cwnd":	1297605,
					"rtt":	818,
					"omitted":	false
				}],
			"sum":	{
				"start":	7.000061,
				"end":	8.000061,
				"seconds":	1,
				"bytes":	1191444480,
				"bits_per_second":	9531555840,
				"retransmits":	0,
				"omitted":	false
			}
		}, {
			"streams":	[{
					"socket":	4,
					"start":	8.000061,
					"end":	9.000078,
					"seconds":	1.000017,
					"bytes":	1191444480,
					"bits_per_second":	9.531394e+09,
					"retransmits":	0,
					"snd_cwnd":	1297605,
					"rtt":	828,
					"omitted":	false
				}],
			"sum":	{
				"start":	8.000061,
				"end":	9.000078,
				"seconds":	1.000017,
				"bytes":	1191444480,
				"bits_per_second":	9.531394e+09,
				"retransmits":	0,
				"omitted":	false
			}
		}, {
			"streams":	[{
					"socket":	4,
					"start":	9.000078,
					"end":	10.000086,
					"seconds":	1.000008,
					"bytes":	1191444480,
					"bits_per_second":	9.531479e+09,
					"retransmits":	0,
					"snd_cwnd":	1297605,
					"rtt":	836,
					"omitted":	false
				}],
			"sum":	{
				"start":	9.000078,
				"end":	10.000086,
				"seconds":	1.000008,
				"bytes":	1191444480,
				"bits_per_second":	9.531479e+09,
				"retransmits":	0,
				"omitted":	false
			}
		}],
	"end":	{
		"streams":	[{
				"sender":	{
					"socket":	4,
					"start":	0,
					"end":	10.000086,
					"seconds":	10.000086,
					"bytes":	11917043172,
					"bits_per_second":	9.533552e+09,
					"retransmits":	0,
					"max_snd_cwnd":	1297605,
					"max_rtt":	836,
					"min_rtt":	810,
					"mean_rtt":	823
				},
				"receiver":	{
					"socket":	4,
					"start":	0,
					"end":	10.000086,
					"seconds":	10.000086,
					"bytes":	11913383174,
					"bits_per_second":	9.530625e+09
				}
			}],
		"sum_sent":	{
			"start":	0,
			"end":	10.000086,
			"seconds":	10.000086,
			"bytes":	11917043172,
			"bits_per_second":	9.533552e+09,
			"retransmits":	0
		},
		"sum_received":	{
			"start":	0,
			"end":	10.000086,
			"seconds":	10.000086,
			"bytes":	11913383174,
			"bits_per_second":	9.530625e+09
		},
		"cpu_utilization_percent":	{
			"host_total":	13.624266,
			"host_user":	0.531146,
			"host_system":	13.093110,
			"remote_total":	9.836753,
			"remote_user":	1.401336,
			"remote_system":	8.435416
		},
		"sender_tcp_congestion":	"cubic",
		"receiver_tcp_congestion":	"cubic"
	}
}