{
	"start":	{
		"connected":	[{
				"socket":	4,
				"local_host":	"172.31.44.249",
				"local_port":	51716,
				"remote_host":	"172.31.38.40",
				"remote_port":	5201
			}],
		"version":	"iperf 3.1.7",
		"system_info":	"Linux ip-172-31-44-249.us-west-2.compute.internal 5.10.147-133.644.amzn2.x86_64 #1 SMP Fri Oct 14 01:16:24 UTC 2022 x86_64",
		"timestamp":	{
			"time":	"Sat, 03 Dec 2022 18:37:02 GMT",
			"timesecs":	1670092622
		},
		"connecting_to":	{
			"host":	"ip-172-31-38-40.us-west-2.compute.internal",
			"port":	5201
		},
		"cookie":	"ip-172-31-44-249.us-west-2.compute.i",
		"tcp_mss_default":	8949,
		"test_start":	{
			"protocol":	"TCP",
			"num_streams":	1,
			"blksize":	131072,
			"omit":	0,
			"duration":	10,
			"bytes":	0,
			"blocks":	0,
			"reverse":	0
		}
	},
	"intervals":	[{
			"streams":	[{
					"socket":	4,
					"start":	0,
					"end":	1.000062,
					"seconds":	1.000062,
					"bytes":	1195666787,
					"bits_per_second":	9.564741e+09,
					"retransmits":	0,
					"snd_cwnd":	1217064,
					"rtt":	867,
					"omitted":	false
				}],
			"sum":	{
				"start":	0,
				"end":	1.000062,
				"seconds":	1.000062,
				"bytes":	1195666787,
				"bits_per_second":	9.564741e+09,
				"retransmits":	0,
				"omitted":	false
			}
		}, {
			"streams":	[{
					"socket":	4,
					"start":	1.000062,
					"end":	2.000062,
					"seconds":	1,
					"bytes":	1191444480,
					"bits_per_second":	9531555840,
					"retransmits":	0,
					"snd_cwnd":	1217064,
					"rtt":	855,
					"omitted":	false
				}],
			"sum":	{
				"start":	1.000062,
				"end":	2.000062,
				"seconds":	1,
				"bytes":	1191444480,
				"bits_per_second":	9531555840,
				"retransmits":	0,
				"omitted":	false
			}
		}, {
			"streams":	[{
					"socket":	4,
					"start":	2.000062,
					"end":	3.000064,
					"seconds":	1.000002,
					"bytes":	1191444480,
					"bits_per_second":	9.531538e+09,
					"retransmits":	0,
					"snd_cwnd":	1315503,
					"rtt":	860,
					"omitted":	false
				}],
			"sum":	{
				"start":	2.000062,
				"end":	3.000064,
				"seconds":	1.000002,
				"bytes":	1191444480,
				"bits_per_second":	9.531538e+09,
				"retransmits":	0,
				"omitted":	false
			}
		}, {
			"streams":	[{
					"socket":	4,
					"start":	3.000064,
					"end":	4.000063,
					"seconds":	0.999999,
					"bytes":	1190133760,
					"bits_per_second":	9.521079e+09,
					"retransmits":	0,
					"snd_cwnd":	1387095,
					"rtt":	857,
					"omitted":	false
				}],
			"sum":	{
				"start":	3.000064,
				"end":	4.000063,
				"seconds":	0.999999,
				"bytes":	1190133760,
				"bits_per_second":	9.521079e+09,
				"retransmits":	0,
				"omitted":	false
			}
		}, {
			"streams":	[{
					"socket":	4,
					"start":	4.000063,
					"end":	5.000062,
					"seconds":	0.999999,
					"bytes":	1191444480,
					"bits_per_second":	9.531565e+09,
					"retransmits":	0,
					"snd_cwnd":	1387095,
					"rtt":	848,
					"omitted":	false
				}],
			"sum":	{
				"start":	4.000063,
				"end":	5.000062,
				"seconds":	0.999999,
				"bytes":	1191444480,
				"bits_per_second":	9.531565e+09,
				"retransmits":	0,
				"omitted":	false
			}
		}, {
			"streams":	[{
					"socket":	4,
					"start":	5.000062,
					"end":	6.000063,
					"seconds":	1.000001,
					"bytes":	1191444480,
					"bits_per_second":	9.531547e+09,
					"retransmits":	0,
					"snd_cwnd":	1387095,
					"rtt":	857,
					"omitted":	false
				}],
			"sum":	{
				"start":	5.000062,
				"end":	6.000063,
				"seconds":	1.000001,
				"bytes":	1191444480,
				"bits_per_second":	9.531547e+09,
				"retransmits":	0,
				"omitted":	false
			}
		}, {
			"streams":	[{
					"socket":	4,
					"start":	6.000063,
					"end":	7.000065,
					"seconds":	1.000002,
					"bytes":	1191444480,
					"bits_per_second":	9.531535e+09,
					"retransmits":	0,
					"snd_cwnd":	1387095,
					"rtt":	854,
					"omitted":	false
				}],
			"sum":	{
				"start":	6.000063,
				"end":	7.000065,
				"seconds":	1.000002,
				"bytes":	1191444480,
				"bits_per_second":	9.531535e+09,
				"retransmits":	0,
				"omitted":	false
			}
		}, {
			"streams":	[{
					"socket":	4,
					"start":	7.000065,
					"end":	8.000064,
					"seconds":	0.999999,
					"bytes":	1191444480,
					"bits_per_second":	9.531567e+09,
					"retransmits":	0,
					"snd_cwnd":	1387095,
					"rtt":	859,
					"omitted":	false
				}],
			"sum":	{
				"start":	7.000065,
				"end":	8.000064,
				"seconds":	0.999999,
				"bytes":	1191444480,
				"bits_per_second":	9.531567e+09,
				"retransmits":	0,
				"omitted":	false
			}
		}, {
			"streams":	[{
					"socket":	4,
					"start":	8.000064,
					"end":	9.000099,
					"seconds":	1.000035,
					"bytes":	1191444480,
					"bits_per_second":	9.531222e+09,
					"retransmits":	0,
					"snd_cwnd":	1387095,
					"rtt":	867,
					"omitted":	false
				}],
			"sum":	{
				"start":	8.000064,
				"end":	9.000099,
				"seconds":	1.000035,
				"bytes":	1191444480,
				"bits_per_second":	9.531222e+09,
				"retransmits":	0,
				"omitted":	false
			}
		}, {
			"streams":	[{
					"socket":	4,
					"start":	9.000099,
					"end":	10.000077,
					"seconds":	0.999978,
					"bytes":	1190133760,
					"bits_per_second":	9.521279e+09,
					"retransmits":	0,
					"snd_cwnd":	1387095,
					"rtt":	848,
					"omitted":	false
				}],
			"sum":	{
				"start":	9.000099,
				"end":	10.000077,
				"seconds":	0.999978,
				"bytes":	1190133760,
				"bits_per_second":	9.521279e+09,
				"retransmits":	0,
				"omitted":	false
			}
		}],
	"end":	{
		"streams":	[{
				"sender":	{
					"socket":	4,
					"start":	0,
					"end":	10.000077,
					"seconds":	10.000077,
					"bytes":	11916045667,
					"bits_per_second":	9.532763e+09,
					"retransmits":	0,
					"max_snd_cwnd":	1387095,
					"max_rtt":	867,
					"min_rtt":	848,
					"mean_rtt":	857
				},
				"receiver":	{
					"socket":	4,
					"start":	0,
					"end":	10.000077,
					"seconds":	10.000077,
					"bytes":	11913248939,
					"bits_per_second":	9.530526e+09
				}
			}],
		"sum_sent":	{
			"start":	0,
			"end":	10.000077,
			"seconds":	10.000077,
			"bytes":	11916045667,
			"bits_per_second":	9.532763e+09,
			"retransmits":	0
		},
		"sum_received":	{
			"start":	0,
			"end":	10.000077,
			"seconds":	10.000077,
			"bytes":	11913248939,
			"bits_per_second":	9.530526e+09
		},
		"cpu_utilization_percent":	{
			"host_total":	11.337985,
			"host_user":	0.676880,
			"host_system":	10.661095,
			"remote_total":	29.269189,
			"remote_user":	3.899619,
			"remote_system":	25.369570
		},
		"sender_tcp_congestion":	"cubic",
		"receiver_tcp_congestion":	"cubic"
	}
}