{
	"start":	{
		"connected":	[{
				"socket":	5,
				"local_host":	"172.31.24.77",
				"local_port":	33976,
				"remote_host":	"10.100.189.209",
				"remote_port":	5201
			}],
		"version":	"iperf 3.9",
		"system_info":	"Linux iperf3-client-9js6l 5.4.219-126.411.amzn2.x86_64 #1 SMP Wed Nov 2 17:44:17 UTC 2022 x86_64",
		"timestamp":	{
			"time":	"Sun, 27 Nov 2022 04:19:15 GMT",
			"timesecs":	1669522755
		},
		"connecting_to":	{
			"host":	"iperf3-server",
			"port":	5201
		},
		"cookie":	"wfyfog2ejktvewzexc7xwzrnn2bbf4s7bgx5",
		"tcp_mss_default":	8949,
		"sock_bufsize":	0,
		"sndbuf_actual":	20480,
		"rcvbuf_actual":	131072,
		"test_start":	{
			"protocol":	"TCP",
			"num_streams":	1,
			"blksize":	131072,
			"omit":	0,
			"duration":	10,
			"bytes":	0,
			"blocks":	0,
			"reverse":	0,
			"tos":	0
		}
	},
	"intervals":	[{
			"streams":	[{
					"socket":	5,
					"start":	0,
					"end":	1.008714,
					"seconds":	1.008713960647583,
					"bytes":	130243206,
					"bits_per_second":	1032944609.3232244,
					"retransmits":	16,
					"snd_cwnd":	456399,
					"rtt":	3176,
					"rttvar":	216,
					"pmtu":	9001,
					"omitted":	false,
					"sender":	true
				}],
			"sum":	{
				"start":	0,
				"end":	1.008714,
				"seconds":	1.008713960647583,
				"bytes":	130243206,
				"bits_per_second":	1032944609.3232244,
				"retransmits":	16,
				"omitted":	false,
				"sender":	true
			}
		}, {
			"streams":	[{
					"socket":	5,
					"start":	1.008714,
					"end":	2.000093,
					"seconds":	0.9913790225982666,
					"bytes":	124293278,
					"bits_per_second":	1002993004.0217683,
					"retransmits":	13,
					"snd_cwnd":	465348,
					"rtt":	3454,
					"rttvar":	112,
					"pmtu":	9001,
					"omitted":	false,
					"sender":	true
				}],
			"sum":	{
				"start":	1.008714,
				"end":	2.000093,
				"seconds":	0.9913790225982666,
				"bytes":	124293278,
				"bits_per_second":	1002993004.0217683,
				"retransmits":	13,
				"omitted":	false,
				"sender":	true
			}
		}, {
			"streams":	[{
					"socket":	5,
					"start":	2.000093,
					"end":	3.000106,
					"seconds":	1.000012993812561,
					"bytes":	126601503,
					"bits_per_second":	1012798863.8814007,
					"retransmits":	16,
					"snd_cwnd":	510093,
					"rtt":	3955,
					"rttvar":	276,
					"pmtu":	9001,
					"omitted":	false,
					"sender":	true
				}],
			"sum":	{
				"start":	2.000093,
				"end":	3.000106,
				"seconds":	1.000012993812561,
				"bytes":	126601503,
				"bits_per_second":	1012798863.8814007,
				"retransmits":	16,
				"omitted":	false,
				"sender":	true
			}
		}, {
			"streams":	[{
					"socket":	5,
					"start":	3.000106,
					"end":	4.00009,
					"seconds":	0.9999840259552002,
					"bytes":	125536572,
					"bits_per_second":	1004308618.8708707,
					"retransmits":	14,
					"snd_cwnd":	501144,
					"rtt":	3792,
					"rttvar":	93,
					"pmtu":	9001,
					"omitted":	false,
					"sender":	true
				}],
			"sum":	{
				"start":	3.000106,
				"end":	4.00009,
				"seconds":	0.9999840259552002,
				"bytes":	125536572,
				"bits_per_second":	1004308618.8708707,
				"retransmits":	14,
				"omitted":	false,
				"sender":	true
			}
		}, {
			"streams":	[{
					"socket":	5,
					"start":	4.00009,
					"end":	5.000078,
					"seconds":	0.9999880194664,
					"bytes":	125160714,
					"bits_per_second":	1001297708.0808351,
					"retransmits":	14,
					"snd_cwnd":	545889,
					"rtt":	4110,
					"rttvar":	103,
					"pmtu":	9001,
					"omitted":	false,
					"sender":	true
				}],
			"sum":	{
				"start":	4.00009,
				"end":	5.000078,
				"seconds":	0.9999880194664,
				"bytes":	125160714,
				"bits_per_second":	1001297708.0808351,
				"retransmits":	14,
				"omitted":	false,
				"sender":	true
			}
		}, {
			"streams":	[{
					"socket":	5,
					"start":	5.000078,
					"end":	6.000112,
					"seconds":	1.000033974647522,
					"bytes":	124972785,
					"bits_per_second":	999748313.9034245,
					"retransmits":	12,
					"snd_cwnd":	572736,
					"rtt":	4334,
					"rttvar":	89,
					"pmtu":	9001,
					"omitted":	false,
					"sender":	true
				}],
			"sum":	{
				"start":	5.000078,
				"end":	6.000112,
				"seconds":	1.000033974647522,
				"bytes":	124972785,
				"bits_per_second":	999748313.9034245,
				"retransmits":	12,
				"omitted":	false,
				"sender":	true
			}
		}, {
			"streams":	[{
					"socket":	5,
					"start":	6.000112,
					"end":	7.000129,
					"seconds":	1.0000170469284058,
					"bytes":	124221069,
					"bits_per_second":	993751611.587424,
					"retransmits":	17,
					"snd_cwnd":	617481,
					"rtt":	4717,
					"rttvar":	233,
					"pmtu":	9001,
					"omitted":	false,
					"sender":	true
				}],
			"sum":	{
				"start":	6.000112,
				"end":	7.000129,
				"seconds":	1.0000170469284058,
				"bytes":	124221069,
				"bits_per_second":	993751611.587424,
				"retransmits":	17,
				"omitted":	false,
				"sender":	true
			}
		}, {
			"streams":	[{
					"socket":	5,
					"start":	7.000129,
					"end":	8.000093,
					"seconds":	0.99996399879455566,
					"bytes":	125348643,
					"bits_per_second":	1002825246.917739,
					"retransmits":	13,
					"snd_cwnd":	456399,
					"rtt":	3473,
					"rttvar":	160,
					"pmtu":	9001,
					"omitted":	false,
					"sender":	true
				}],
			"sum":	{
				"start":	7.000129,
				"end":	8.000093,
				"seconds":	0.99996399879455566,
				"bytes":	125348643,
				"bits_per_second":	1002825246.917739,
				"retransmits":	13,
				"omitted":	false,
				"sender":	true
			}
		}, {
			"streams":	[{
					"socket":	5,
					"start":	8.000093,
					"end":	9.000092,
					"seconds":	0.99999898672103882,
					"bytes":	122911352,
					"bits_per_second":	983291812.348906,
					"retransmits":	10,
					"snd_cwnd":	501144,
					"rtt":	3780,
					"rttvar":	119,
					"pmtu":	9001,
					"omitted":	false,
					"sender":	true
				}],
			"sum":	{
				"start":	8.000093,
				"end":	9.000092,
				"seconds":	0.99999898672103882,
				"bytes":	122911352,
				"bits_per_second":	983291812.348906,
				"retransmits":	10,
				"omitted":	false,
				"sender":	true
			}
		}, {
			"streams":	[{
					"socket":	5,
					"start":	9.000092,
					"end":	10.000104,
					"seconds":	1.0000120401382446,
					"bytes":	124910142,
					"bits_per_second":	999269104.66183627,
					"retransmits":	12,
					"snd_cwnd":	536940,
					"rtt":	4110,
					"rttvar":	130,
					"pmtu":	9001,
					"omitted":	false,
					"sender":	true
				}],
			"sum":	{
				"start":	9.000092,
				"end":	10.000104,
				"seconds":	1.0000120401382446,
				"bytes":	124910142,
				"bits_per_second":	999269104.66183627,
				"retransmits":	12,
				"omitted":	false,
				"sender":	true
			}
		}],
	"end":	{
		"streams":	[{
				"sender":	{
					"socket":	5,
					"start":	0,
					"end":	10.000104,
					"seconds":	10.000104,
					"bytes":	1254199264,
					"bits_per_second":	1003348976.3706458,
					"retransmits":	137,
					"max_snd_cwnd":	617481,
					"max_rtt":	4717,
					"min_rtt":	3176,
					"mean_rtt":	3890,
					"sender":	true
				},
				"receiver":	{
					"socket":	5,
					"start":	0,
					"end":	10.045141,
					"seconds":	10.000104,
					"bytes":	1252991149,
					"bits_per_second":	997888351.392977,
					"sender":	true
				}
			}],
		"sum_sent":	{
			"start":	0,
			"end":	10.000104,
			"seconds":	10.000104,
			"bytes":	1254199264,
			"bits_per_second":	1003348976.3706458,
			"retransmits":	137,
			"sender":	true
		},
		"sum_received":	{
			"start":	0,
			"end":	10.045141,
			"seconds":	10.045141,
			"bytes":	1252991149,
			"bits_per_second":	997888351.392977,
			"sender":	true
		},
		"cpu_utilization_percent":	{
			"host_total":	3.93122948596122,
			"host_user":	0.3766789982248267,
			"host_system":	3.5545504877363925,
			"remote_total":	3.6332605049117963,
			"remote_user":	0.858362106064427,
			"remote_system":	2.77489839884737
		},
		"sender_tcp_congestion":	"cubic",
		"receiver_tcp_congestion":	"cubic"
	}
}
