{
	"start":	{
		"connected":	[{
				"socket":	5,
				"local_host":	"172.31.31.127",
				"local_port":	39844,
				"remote_host":	"10.100.132.251",
				"remote_port":	5201
			}],
		"version":	"iperf 3.9",
		"system_info":	"Linux iperf3-client-cxdl8 5.4.219-126.411.amzn2.x86_64 #1 SMP Wed Nov 2 17:44:17 UTC 2022 x86_64",
		"timestamp":	{
			"time":	"Sun, 27 Nov 2022 04:09:01 GMT",
			"timesecs":	1669522141
		},
		"connecting_to":	{
			"host":	"iperf3-server",
			"port":	5201
		},
		"cookie":	"wqbhtfvgval5i6wutxch5nqqwbr5l3pqppri",
		"tcp_mss_default":	8949,
		"sock_bufsize":	0,
		"sndbuf_actual":	20480,
		"rcvbuf_actual":	131072,
		"test_start":	{
			"protocol":	"TCP",
			"num_streams":	1,
			"blksize":	131072,
			"omit":	0,
			"duration":	10,
			"bytes":	0,
			"blocks":	0,
			"reverse":	0,
			"tos":	0
		}
	},
	"intervals":	[{
			"streams":	[{
					"socket":	5,
					"start":	0,
					"end":	1.000096,
					"seconds":	1.0000959634780884,
					"bytes":	128239247,
					"bits_per_second":	1025815535.1733676,
					"retransmits":	9,
					"snd_cwnd":	581685,
					"rtt":	4425,
					"rttvar":	172,
					"pmtu":	9001,
					"omitted":	false,
					"sender":	true
				}],
			"sum":	{
				"start":	0,
				"end":	1.000096,
				"seconds":	1.0000959634780884,
				"bytes":	128239247,
				"bits_per_second":	1025815535.1733676,
				"retransmits":	9,
				"omitted":	false,
				"sender":	true
			}
		}, {
			"streams":	[{
					"socket":	5,
					"start":	1.000096,
					"end":	2.000094,
					"seconds":	0.99999797344207764,
					"bytes":	124915388,
					"bits_per_second":	999325129.19025755,
					"retransmits":	10,
					"snd_cwnd":	527991,
					"rtt":	4047,
					"rttvar":	114,
					"pmtu":	9001,
					"omitted":	false,
					"sender":	true
				}],
			"sum":	{
				"start":	1.000096,
				"end":	2.000094,
				"seconds":	0.99999797344207764,
				"bytes":	124915388,
				"bits_per_second":	999325129.19025755,
				"retransmits":	10,
				"omitted":	false,
				"sender":	true
			}
		}, {
			"streams":	[{
					"socket":	5,
					"start":	2.000094,
					"end":	3.000094,
					"seconds":	1,
					"bytes":	125661858,
					"bits_per_second":	1005294864,
					"retransmits":	8,
					"snd_cwnd":	483246,
					"rtt":	3711,
					"rttvar":	89,
					"pmtu":	9001,
					"omitted":	false,
					"sender":	true
				}],
			"sum":	{
				"start":	2.000094,
				"end":	3.000094,
				"seconds":	1,
				"bytes":	125661858,
				"bits_per_second":	1005294864,
				"retransmits":	8,
				"omitted":	false,
				"sender":	true
			}
		}, {
			"streams":	[{
					"socket":	5,
					"start":	3.000094,
					"end":	4.000092,
					"seconds":	0.99999797344207764,
					"bytes":	126100359,
					"bits_per_second":	1008804916.4015955,
					"retransmits":	7,
					"snd_cwnd":	465348,
					"rtt":	3399,
					"rttvar":	104,
					"pmtu":	9001,
					"omitted":	false,
					"sender":	true
				}],
			"sum":	{
				"start":	3.000094,
				"end":	4.000092,
				"seconds":	0.99999797344207764,
				"bytes":	126100359,
				"bits_per_second":	1008804916.4015955,
				"retransmits":	7,
				"omitted":	false,
				"sender":	true
			}
		}, {
			"streams":	[{
					"socket":	5,
					"start":	4.000092,
					"end":	5.000088,
					"seconds":	0.9999960064888,
					"bytes":	125536572,
					"bits_per_second":	1004296586.6696669,
					"retransmits":	8,
					"snd_cwnd":	626430,
					"rtt":	4843,
					"rttvar":	101,
					"pmtu":	9001,
					"omitted":	false,
					"sender":	true
				}],
			"sum":	{
				"start":	4.000092,
				"end":	5.000088,
				"seconds":	0.9999960064888,
				"bytes":	125536572,
				"bits_per_second":	1004296586.6696669,
				"retransmits":	8,
				"omitted":	false,
				"sender":	true
			}
		}, {
			"streams":	[{
					"socket":	5,
					"start":	5.000088,
					"end":	6.000132,
					"seconds":	1.0000439882278442,
					"bytes":	124221069,
					"bits_per_second":	993724839.80533218,
					"retransmits":	8,
					"snd_cwnd":	617481,
					"rtt":	4647,
					"rttvar":	106,
					"pmtu":	9001,
					"omitted":	false,
					"sender":	true
				}],
			"sum":	{
				"start":	5.000088,
				"end":	6.000132,
				"seconds":	1.0000439882278442,
				"bytes":	124221069,
				"bits_per_second":	993724839.80533218,
				"retransmits":	8,
				"omitted":	false,
				"sender":	true
			}
		}, {
			"streams":	[{
					"socket":	5,
					"start":	6.000132,
					"end":	7.000095,
					"seconds":	0.99996298551559448,
					"bytes":	124596927,
					"bits_per_second":	996812312.493796,
					"retransmits":	12,
					"snd_cwnd":	554838,
					"rtt":	3887,
					"rttvar":	104,
					"pmtu":	9001,
					"omitted":	false,
					"sender":	true
				}],
			"sum":	{
				"start":	6.000132,
				"end":	7.000095,
				"seconds":	0.99996298551559448,
				"bytes":	124596927,
				"bits_per_second":	996812312.493796,
				"retransmits":	12,
				"omitted":	false,
				"sender":	true
			}
		}, {
			"streams":	[{
					"socket":	5,
					"start":	7.000095,
					"end":	8.000113,
					"seconds":	1.0000180006027222,
					"bytes":	122467065,
					"bits_per_second":	979718884.46958125,
					"retransmits":	10,
					"snd_cwnd":	483246,
					"rtt":	3688,
					"rttvar":	110,
					"pmtu":	9001,
					"omitted":	false,
					"sender":	true
				}],
			"sum":	{
				"start":	7.000095,
				"end":	8.000113,
				"seconds":	1.0000180006027222,
				"bytes":	122467065,
				"bits_per_second":	979718884.46958125,
				"retransmits":	10,
				"omitted":	false,
				"sender":	true
			}
		}, {
			"streams":	[{
					"socket":	5,
					"start":	8.000113,
					"end":	9.000098,
					"seconds":	0.9999849796295166,
					"bytes":	124471641,
					"bits_per_second":	995788085.1059612,
					"retransmits":	6,
					"snd_cwnd":	653277,
					"rtt":	4758,
					"rttvar":	96,
					"pmtu":	9001,
					"omitted":	false,
					"sender":	true
				}],
			"sum":	{
				"start":	8.000113,
				"end":	9.000098,
				"seconds":	0.9999849796295166,
				"bytes":	124471641,
				"bits_per_second":	995788085.1059612,
				"retransmits":	6,
				"omitted":	false,
				"sender":	true
			}
		}, {
			"streams":	[{
					"socket":	5,
					"start":	9.000098,
					"end":	10.000102,
					"seconds":	1.0000040531158447,
					"bytes":	124158426,
					"bits_per_second":	993263382.18844771,
					"retransmits":	8,
					"snd_cwnd":	590634,
					"rtt":	5328,
					"rttvar":	1655,
					"pmtu":	9001,
					"omitted":	false,
					"sender":	true
				}],
			"sum":	{
				"start":	9.000098,
				"end":	10.000102,
				"seconds":	1.0000040531158447,
				"bytes":	124158426,
				"bits_per_second":	993263382.18844771,
				"retransmits":	8,
				"omitted":	false,
				"sender":	true
			}
		}],
	"end":	{
		"streams":	[{
				"sender":	{
					"socket":	5,
					"start":	0,
					"end":	10.000102,
					"seconds":	10.000102,
					"bytes":	1250368552,
					"bits_per_second":	1000284638.6966853,
					"retransmits":	86,
					"max_snd_cwnd":	653277,
					"max_rtt":	5328,
					"min_rtt":	3399,
					"mean_rtt":	4273,
					"sender":	true
				},
				"receiver":	{
					"socket":	5,
					"start":	0,
					"end":	10.043696,
					"seconds":	10.000102,
					"bytes":	1248310282,
					"bits_per_second":	994303516.952325,
					"sender":	true
				}
			}],
		"sum_sent":	{
			"start":	0,
			"end":	10.000102,
			"seconds":	10.000102,
			"bytes":	1250368552,
			"bits_per_second":	1000284638.6966853,
			"retransmits":	86,
			"sender":	true
		},
		"sum_received":	{
			"start":	0,
			"end":	10.043696,
			"seconds":	10.043696,
			"bytes":	1248310282,
			"bits_per_second":	994303516.952325,
			"sender":	true
		},
		"cpu_utilization_percent":	{
			"host_total":	3.8735523341856091,
			"host_user":	0.157034431675448,
			"host_system":	3.71652781692595,
			"remote_total":	6.1626744490928083,
			"remote_user":	0.95559485735332828,
			"remote_system":	5.20707959173948
		},
		"sender_tcp_congestion":	"cubic",
		"receiver_tcp_congestion":	"cubic"
	}
}