{
	"start":	{
		"connected":	[{
				"socket":	5,
				"local_host":	"172.31.52.225",
				"local_port":	35658,
				"remote_host":	"10.100.184.242",
				"remote_port":	5201
			}],
		"version":	"iperf 3.9",
		"system_info":	"Linux iperf3-client-4qwqw 5.4.219-126.411.amzn2.x86_64 #1 SMP Wed Nov 2 17:44:17 UTC 2022 x86_64",
		"timestamp":	{
			"time":	"Sun, 27 Nov 2022 04:24:52 GMT",
			"timesecs":	1669523092
		},
		"connecting_to":	{
			"host":	"iperf3-server",
			"port":	5201
		},
		"cookie":	"5qtlkvqqrz2vu3el5e7vqzwt7avxe72xp27h",
		"tcp_mss_default":	8949,
		"sock_bufsize":	0,
		"sndbuf_actual":	20480,
		"rcvbuf_actual":	131072,
		"test_start":	{
			"protocol":	"TCP",
			"num_streams":	1,
			"blksize":	131072,
			"omit":	0,
			"duration":	10,
			"bytes":	0,
			"blocks":	0,
			"reverse":	0,
			"tos":	0
		}
	},
	"intervals":	[{
			"streams":	[{
					"socket":	5,
					"start":	0,
					"end":	1.000112,
					"seconds":	1.0001120567321777,
					"bytes":	128462972,
					"bits_per_second":	1027588627.7763484,
					"retransmits":	11,
					"snd_cwnd":	608532,
					"rtt":	4651,
					"rttvar":	249,
					"pmtu":	9001,
					"omitted":	false,
					"sender":	true
				}],
			"sum":	{
				"start":	0,
				"end":	1.000112,
				"seconds":	1.0001120567321777,
				"bytes":	128462972,
				"bits_per_second":	1027588627.7763484,
				"retransmits":	11,
				"omitted":	false,
				"sender":	true
			}
		}, {
			"streams":	[{
					"socket":	5,
					"start":	1.000112,
					"end":	2.000088,
					"seconds":	0.99997597932815552,
					"bytes":	126789432,
					"bits_per_second":	1014339821.123982,
					"retransmits":	12,
					"snd_cwnd":	456399,
					"rtt":	3441,
					"rttvar":	130,
					"pmtu":	9001,
					"omitted":	false,
					"sender":	true
				}],
			"sum":	{
				"start":	1.000112,
				"end":	2.000088,
				"seconds":	0.99997597932815552,
				"bytes":	126789432,
				"bits_per_second":	1014339821.123982,
				"retransmits":	12,
				"omitted":	false,
				"sender":	true
			}
		}, {
			"streams":	[{
					"socket":	5,
					"start":	2.000088,
					"end":	3.000134,
					"seconds":	1.0000460147857666,
					"bytes":	126100359,
					"bits_per_second":	1008756454.2878653,
					"retransmits":	19,
					"snd_cwnd":	465348,
					"rtt":	3372,
					"rttvar":	151,
					"pmtu":	9001,
					"omitted":	false,
					"sender":	true
				}],
			"sum":	{
				"start":	2.000088,
				"end":	3.000134,
				"seconds":	1.0000460147857666,
				"bytes":	126100359,
				"bits_per_second":	1008756454.2878653,
				"retransmits":	19,
				"omitted":	false,
				"sender":	true
			}
		}, {
			"streams":	[{
					"socket":	5,
					"start":	3.000134,
					"end":	4.000092,
					"seconds":	0.99995797872543335,
					"bytes":	124471641,
					"bits_per_second":	995814973.41441548,
					"retransmits":	9,
					"snd_cwnd":	456399,
					"rtt":	3720,
					"rttvar":	146,
					"pmtu":	9001,
					"omitted":	false,
					"sender":	true
				}],
			"sum":	{
				"start":	3.000134,
				"end":	4.000092,
				"seconds":	0.99995797872543335,
				"bytes":	124471641,
				"bits_per_second":	995814973.41441548,
				"retransmits":	9,
				"omitted":	false,
				"sender":	true
			}
		}, {
			"streams":	[{
					"socket":	5,
					"start":	4.000092,
					"end":	5.000092,
					"seconds":	1,
					"bytes":	124346355,
					"bits_per_second":	994770840,
					"retransmits":	10,
					"snd_cwnd":	465348,
					"rtt":	3503,
					"rttvar":	117,
					"pmtu":	9001,
					"omitted":	false,
					"sender":	true
				}],
			"sum":	{
				"start":	4.000092,
				"end":	5.000092,
				"seconds":	1,
				"bytes":	124346355,
				"bits_per_second":	994770840,
				"retransmits":	10,
				"omitted":	false,
				"sender":	true
			}
		}, {
			"streams":	[{
					"socket":	5,
					"start":	5.000092,
					"end":	6.000081,
					"seconds":	0.99998897314071655,
					"bytes":	126222482,
					"bits_per_second":	1009790990.8231615,
					"retransmits":	12,
					"snd_cwnd":	501144,
					"rtt":	3801,
					"rttvar":	126,
					"pmtu":	9001,
					"omitted":	false,
					"sender":	true
				}],
			"sum":	{
				"start":	5.000092,
				"end":	6.000081,
				"seconds":	0.99998897314071655,
				"bytes":	126222482,
				"bits_per_second":	1009790990.8231615,
				"retransmits":	12,
				"omitted":	false,
				"sender":	true
			}
		}, {
			"streams":	[{
					"socket":	5,
					"start":	6.000081,
					"end":	7.000092,
					"seconds":	1.0000109672546387,
					"bytes":	124095783,
					"bits_per_second":	992755376.19899535,
					"retransmits":	11,
					"snd_cwnd":	501144,
					"rtt":	3907,
					"rttvar":	123,
					"pmtu":	9001,
					"omitted":	false,
					"sender":	true
				}],
			"sum":	{
				"start":	6.000081,
				"end":	7.000092,
				"seconds":	1.0000109672546387,
				"bytes":	124095783,
				"bits_per_second":	992755376.19899535,
				"retransmits":	11,
				"omitted":	false,
				"sender":	true
			}
		}, {
			"streams":	[{
					"socket":	5,
					"start":	7.000092,
					"end":	8.000109,
					"seconds":	1.0000170469284058,
					"bytes":	123218781,
					"bits_per_second":	985733444.27254832,
					"retransmits":	11,
					"snd_cwnd":	501144,
					"rtt":	3798,
					"rttvar":	107,
					"pmtu":	9001,
					"omitted":	false,
					"sender":	true
				}],
			"sum":	{
				"start":	7.000092,
				"end":	8.000109,
				"seconds":	1.0000170469284058,
				"bytes":	123218781,
				"bits_per_second":	985733444.27254832,
				"retransmits":	11,
				"omitted":	false,
				"sender":	true
			}
		}, {
			"streams":	[{
					"socket":	5,
					"start":	8.000109,
					"end":	9.007455,
					"seconds":	1.0073460340499878,
					"bytes":	124033140,
					"bits_per_second":	985029062.96324444,
					"retransmits":	7,
					"snd_cwnd":	662226,
					"rtt":	11837,
					"rttvar":	352,
					"pmtu":	9001,
					"omitted":	false,
					"sender":	true
				}],
			"sum":	{
				"start":	8.000109,
				"end":	9.007455,
				"seconds":	1.0073460340499878,
				"bytes":	124033140,
				"bits_per_second":	985029062.96324444,
				"retransmits":	7,
				"omitted":	false,
				"sender":	true
			}
		}, {
			"streams":	[{
					"socket":	5,
					"start":	9.007455,
					"end":	10.000829,
					"seconds":	0.993373990058899,
					"bytes":	33451362,
					"bits_per_second":	269395916.0176248,
					"retransmits":	124,
					"snd_cwnd":	8949,
					"rtt":	741,
					"rttvar":	203,
					"pmtu":	9001,
					"omitted":	false,
					"sender":	true
				}],
			"sum":	{
				"start":	9.007455,
				"end":	10.000829,
				"seconds":	0.993373990058899,
				"bytes":	33451362,
				"bits_per_second":	269395916.0176248,
				"retransmits":	124,
				"omitted":	false,
				"sender":	true
			}
		}],
	"end":	{
		"streams":	[{
				"sender":	{
					"socket":	5,
					"start":	0,
					"end":	10.000829,
					"seconds":	10.000829,
					"bytes":	1161192307,
					"bits_per_second":	928876841.7098223,
					"retransmits":	226,
					"max_snd_cwnd":	662226,
					"max_rtt":	11837,
					"min_rtt":	741,
					"mean_rtt":	4277,
					"sender":	true
				},
				"receiver":	{
					"socket":	5,
					"start":	0,
					"end":	10.042248,
					"seconds":	10.000829,
					"bytes":	1159268272,
					"bits_per_second":	923512960.046396,
					"sender":	true
				}
			}],
		"sum_sent":	{
			"start":	0,
			"end":	10.000829,
			"seconds":	10.000829,
			"bytes":	1161192307,
			"bits_per_second":	928876841.7098223,
			"retransmits":	226,
			"sender":	true
		},
		"sum_received":	{
			"start":	0,
			"end":	10.042248,
			"seconds":	10.042248,
			"bytes":	1159268272,
			"bits_per_second":	923512960.046396,
			"sender":	true
		},
		"cpu_utilization_percent":	{
			"host_total":	3.58374943259192,
			"host_user":	0.491945283030088,
			"host_system":	3.09182397167816,
			"remote_total":	1.3655186234452876,
			"remote_user":	0.15681664324130523,
			"remote_system":	1.2087019802039825
		},
		"sender_tcp_congestion":	"cubic",
		"receiver_tcp_congestion":	"cubic"
	}
}
