{
	"start":	{
		"connected":	[{
				"socket":	5,
				"local_host":	"172.31.62.38",
				"local_port":	39186,
				"remote_host":	"10.100.158.34",
				"remote_port":	5201
			}],
		"version":	"iperf 3.9",
		"system_info":	"Linux iperf3-client-tpmf6 5.4.219-126.411.amzn2.x86_64 #1 SMP Wed Nov 2 17:44:17 UTC 2022 x86_64",
		"timestamp":	{
			"time":	"Sun, 27 Nov 2022 01:50:38 GMT",
			"timesecs":	1669513838
		},
		"connecting_to":	{
			"host":	"iperf3-server",
			"port":	5201
		},
		"cookie":	"3msscnu6biycnkz5jp5kmcxgoprfpy67c6gj",
		"tcp_mss_default":	8949,
		"sock_bufsize":	0,
		"sndbuf_actual":	20480,
		"rcvbuf_actual":	131072,
		"test_start":	{
			"protocol":	"TCP",
			"num_streams":	1,
			"blksize":	131072,
			"omit":	0,
			"duration":	10,
			"bytes":	0,
			"blocks":	0,
			"reverse":	0,
			"tos":	0
		}
	},
	"intervals":	[{
			"streams":	[{
					"socket":	5,
					"start":	0,
					"end":	1.000142,
					"seconds":	1.000141978263855,
					"bytes":	128105012,
					"bits_per_second":	1024694611.6380581,
					"retransmits":	9,
					"snd_cwnd":	545889,
					"rtt":	4057,
					"rttvar":	173,
					"pmtu":	9001,
					"omitted":	false,
					"sender":	true
				}],
			"sum":	{
				"start":	0,
				"end":	1.000142,
				"seconds":	1.000141978263855,
				"bytes":	128105012,
				"bits_per_second":	1024694611.6380581,
				"retransmits":	9,
				"omitted":	false,
				"sender":	true
			}
		}, {
			"streams":	[{
					"socket":	5,
					"start":	1.000142,
					"end":	2.000084,
					"seconds":	0.99994200468063354,
					"bytes":	127290576,
					"bits_per_second":	1018383669.4861494,
					"retransmits":	7,
					"snd_cwnd":	617481,
					"rtt":	4776,
					"rttvar":	135,
					"pmtu":	9001,
					"omitted":	false,
					"sender":	true
				}],
			"sum":	{
				"start":	1.000142,
				"end":	2.000084,
				"seconds":	0.99994200468063354,
				"bytes":	127290576,
				"bits_per_second":	1018383669.4861494,
				"retransmits":	7,
				"omitted":	false,
				"sender":	true
			}
		}, {
			"streams":	[{
					"socket":	5,
					"start":	2.000084,
					"end":	3.000088,
					"seconds":	1.0000040531158447,
					"bytes":	125411286,
					"bits_per_second":	1003286221.5647186,
					"retransmits":	6,
					"snd_cwnd":	617481,
					"rtt":	4599,
					"rttvar":	140,
					"pmtu":	9001,
					"omitted":	false,
					"sender":	true
				}],
			"sum":	{
				"start":	2.000084,
				"end":	3.000088,
				"seconds":	1.0000040531158447,
				"bytes":	125411286,
				"bits_per_second":	1003286221.5647186,
				"retransmits":	6,
				"omitted":	false,
				"sender":	true
			}
		}, {
			"streams":	[{
					"socket":	5,
					"start":	3.000088,
					"end":	4.000107,
					"seconds":	1.0000189542770386,
					"bytes":	122780280,
					"bits_per_second":	982223622.66134226,
					"retransmits":	5,
					"snd_cwnd":	644328,
					"rtt":	4906,
					"rttvar":	149,
					"pmtu":	9001,
					"omitted":	false,
					"sender":	true
				}],
			"sum":	{
				"start":	3.000088,
				"end":	4.000107,
				"seconds":	1.0000189542770386,
				"bytes":	122780280,
				"bits_per_second":	982223622.66134226,
				"retransmits":	5,
				"omitted":	false,
				"sender":	true
			}
		}, {
			"streams":	[{
					"socket":	5,
					"start":	4.000107,
					"end":	5.00012,
					"seconds":	1.000012993812561,
					"bytes":	98600082,
					"bits_per_second":	788790406.60530663,
					"retransmits":	12,
					"snd_cwnd":	545889,
					"rtt":	4612,
					"rttvar":	1574,
					"pmtu":	9001,
					"omitted":	false,
					"sender":	true
				}],
			"sum":	{
				"start":	4.000107,
				"end":	5.00012,
				"seconds":	1.000012993812561,
				"bytes":	98600082,
				"bits_per_second":	788790406.60530663,
				"retransmits":	12,
				"omitted":	false,
				"sender":	true
			}
		}, {
			"streams":	[{
					"socket":	5,
					"start":	5.00012,
					"end":	6.000086,
					"seconds":	0.999966025352478,
					"bytes":	126163002,
					"bits_per_second":	1009338307.9132417,
					"retransmits":	5,
					"snd_cwnd":	653277,
					"rtt":	5045,
					"rttvar":	134,
					"pmtu":	9001,
					"omitted":	false,
					"sender":	true
				}],
			"sum":	{
				"start":	5.00012,
				"end":	6.000086,
				"seconds":	0.999966025352478,
				"bytes":	126163002,
				"bits_per_second":	1009338307.9132417,
				"retransmits":	5,
				"omitted":	false,
				"sender":	true
			}
		}, {
			"streams":	[{
					"socket":	5,
					"start":	6.000086,
					"end":	7.000094,
					"seconds":	1.0000079870224,
					"bytes":	125661858,
					"bits_per_second":	1005286834.7515326,
					"retransmits":	9,
					"snd_cwnd":	519042,
					"rtt":	4128,
					"rttvar":	97,
					"pmtu":	9001,
					"omitted":	false,
					"sender":	true
				}],
			"sum":	{
				"start":	6.000086,
				"end":	7.000094,
				"seconds":	1.0000079870224,
				"bytes":	125661858,
				"bits_per_second":	1005286834.7515326,
				"retransmits":	9,
				"omitted":	false,
				"sender":	true
			}
		}, {
			"streams":	[{
					"socket":	5,
					"start":	7.000094,
					"end":	8.000108,
					"seconds":	1.0000139474868774,
					"bytes":	125223357,
					"bits_per_second":	1001772883.7858492,
					"retransmits":	6,
					"snd_cwnd":	572736,
					"rtt":	4363,
					"rttvar":	107,
					"pmtu":	9001,
					"omitted":	false,
					"sender":	true
				}],
			"sum":	{
				"start":	7.000094,
				"end":	8.000108,
				"seconds":	1.0000139474868774,
				"bytes":	125223357,
				"bits_per_second":	1001772883.7858492,
				"retransmits":	6,
				"omitted":	false,
				"sender":	true
			}
		}, {
			"streams":	[{
					"socket":	5,
					"start":	8.000108,
					"end":	9.000108,
					"seconds":	1,
					"bytes":	125286000,
					"bits_per_second":	1002288000,
					"retransmits":	6,
					"snd_cwnd":	680124,
					"rtt":	5346,
					"rttvar":	105,
					"pmtu":	9001,
					"omitted":	false,
					"sender":	true
				}],
			"sum":	{
				"start":	8.000108,
				"end":	9.000108,
				"seconds":	1,
				"bytes":	125286000,
				"bits_per_second":	1002288000,
				"retransmits":	6,
				"omitted":	false,
				"sender":	true
			}
		}, {
			"streams":	[{
					"socket":	5,
					"start":	9.000108,
					"end":	10.000133,
					"seconds":	1.0000250339508057,
					"bytes":	124033140,
					"bits_per_second":	992240280.30563545,
					"retransmits":	7,
					"snd_cwnd":	662226,
					"rtt":	5163,
					"rttvar":	107,
					"pmtu":	9001,
					"omitted":	false,
					"sender":	true
				}],
			"sum":	{
				"start":	9.000108,
				"end":	10.000133,
				"seconds":	1.0000250339508057,
				"bytes":	124033140,
				"bits_per_second":	992240280.30563545,
				"retransmits":	7,
				"omitted":	false,
				"sender":	true
			}
		}],
	"end":	{
		"streams":	[{
				"sender":	{
					"socket":	5,
					"start":	0,
					"end":	10.000133,
					"seconds":	10.000133,
					"bytes":	1228554593,
					"bits_per_second":	982830602.75298345,
					"retransmits":	72,
					"max_snd_cwnd":	680124,
					"max_rtt":	5346,
					"min_rtt":	4057,
					"mean_rtt":	4699,
					"sender":	true
				},
				"receiver":	{
					"socket":	5,
					"start":	0,
					"end":	10.036411,
					"seconds":	10.000133,
					"bytes":	1226755844,
					"bits_per_second":	977844246.51401782,
					"sender":	true
				}
			}],
		"sum_sent":	{
			"start":	0,
			"end":	10.000133,
			"seconds":	10.000133,
			"bytes":	1228554593,
			"bits_per_second":	982830602.75298345,
			"retransmits":	72,
			"sender":	true
		},
		"sum_received":	{
			"start":	0,
			"end":	10.036411,
			"seconds":	10.036411,
			"bytes":	1226755844,
			"bits_per_second":	977844246.51401782,
			"sender":	true
		},
		"cpu_utilization_percent":	{
			"host_total":	3.5490255264922674,
			"host_user":	0.22278495066543549,
			"host_system":	3.3262802278604111,
			"remote_total":	0.30503633774127159,
			"remote_user":	0.040408783698093857,
			"remote_system":	0.26462769757901727
		},
		"sender_tcp_congestion":	"cubic",
		"receiver_tcp_congestion":	"cubic"
	}
}
