{
	"start":	{
		"connected":	[{
				"socket":	5,
				"local_host":	"172.31.5.101",
				"local_port":	44052,
				"remote_host":	"10.100.158.34",
				"remote_port":	5201
			}],
		"version":	"iperf 3.9",
		"system_info":	"Linux iperf3-client-99kh9 5.4.219-126.411.amzn2.x86_64 #1 SMP Wed Nov 2 17:44:17 UTC 2022 x86_64",
		"timestamp":	{
			"time":	"Sun, 27 Nov 2022 01:55:34 GMT",
			"timesecs":	1669514134
		},
		"connecting_to":	{
			"host":	"iperf3-server",
			"port":	5201
		},
		"cookie":	"kdxzmyv7oli4zenbyag7vpt3jax5lzj7tt2f",
		"tcp_mss_default":	8949,
		"sock_bufsize":	0,
		"sndbuf_actual":	20480,
		"rcvbuf_actual":	131072,
		"test_start":	{
			"protocol":	"TCP",
			"num_streams":	1,
			"blksize":	131072,
			"omit":	0,
			"duration":	10,
			"bytes":	0,
			"blocks":	0,
			"reverse":	0,
			"tos":	0
		}
	},
	"intervals":	[{
			"streams":	[{
					"socket":	5,
					"start":	0,
					"end":	1.00014,
					"seconds":	1.0001399517059326,
					"bytes":	129214688,
					"bits_per_second":	1033572853.7159169,
					"retransmits":	14,
					"snd_cwnd":	563787,
					"rtt":	4297,
					"rttvar":	91,
					"pmtu":	9001,
					"omitted":	false,
					"sender":	true
				}],
			"sum":	{
				"start":	0,
				"end":	1.00014,
				"seconds":	1.0001399517059326,
				"bytes":	129214688,
				"bits_per_second":	1033572853.7159169,
				"retransmits":	14,
				"omitted":	false,
				"sender":	true
			}
		}, {
			"streams":	[{
					"socket":	5,
					"start":	1.00014,
					"end":	2.000088,
					"seconds":	0.999948024749756,
					"bytes":	125912430,
					"bits_per_second":	1007351797.3617518,
					"retransmits":	12,
					"snd_cwnd":	501144,
					"rtt":	3772,
					"rttvar":	94,
					"pmtu":	9001,
					"omitted":	false,
					"sender":	true
				}],
			"sum":	{
				"start":	1.00014,
				"end":	2.000088,
				"seconds":	0.999948024749756,
				"bytes":	125912430,
				"bits_per_second":	1007351797.3617518,
				"retransmits":	12,
				"omitted":	false,
				"sender":	true
			}
		}, {
			"streams":	[{
					"socket":	5,
					"start":	2.000088,
					"end":	3.000088,
					"seconds":	1,
					"bytes":	125286000,
					"bits_per_second":	1002288000,
					"retransmits":	11,
					"snd_cwnd":	689073,
					"rtt":	5068,
					"rttvar":	121,
					"pmtu":	9001,
					"omitted":	false,
					"sender":	true
				}],
			"sum":	{
				"start":	2.000088,
				"end":	3.000088,
				"seconds":	1,
				"bytes":	125286000,
				"bits_per_second":	1002288000,
				"retransmits":	11,
				"omitted":	false,
				"sender":	true
			}
		}, {
			"streams":	[{
					"socket":	5,
					"start":	3.000088,
					"end":	4.000084,
					"seconds":	0.9999960064888,
					"bytes":	125098071,
					"bits_per_second":	1000788564.6603417,
					"retransmits":	10,
					"snd_cwnd":	644328,
					"rtt":	4906,
					"rttvar":	102,
					"pmtu":	9001,
					"omitted":	false,
					"sender":	true
				}],
			"sum":	{
				"start":	3.000088,
				"end":	4.000084,
				"seconds":	0.9999960064888,
				"bytes":	125098071,
				"bits_per_second":	1000788564.6603417,
				"retransmits":	10,
				"omitted":	false,
				"sender":	true
			}
		}, {
			"streams":	[{
					"socket":	5,
					"start":	4.000084,
					"end":	5.000089,
					"seconds":	1.0000050067901611,
					"bytes":	126019818,
					"bits_per_second":	1008153496.3869934,
					"retransmits":	10,
					"snd_cwnd":	617481,
					"rtt":	4700,
					"rttvar":	79,
					"pmtu":	9001,
					"omitted":	false,
					"sender":	true
				}],
			"sum":	{
				"start":	4.000084,
				"end":	5.000089,
				"seconds":	1.0000050067901611,
				"bytes":	126019818,
				"bits_per_second":	1008153496.3869934,
				"retransmits":	10,
				"omitted":	false,
				"sender":	true
			}
		}, {
			"streams":	[{
					"socket":	5,
					"start":	5.000089,
					"end":	6.000098,
					"seconds":	1.0000089406967163,
					"bytes":	125411286,
					"bits_per_second":	1003281317.966015,
					"retransmits":	8,
					"snd_cwnd":	599583,
					"rtt":	4529,
					"rttvar":	134,
					"pmtu":	9001,
					"omitted":	false,
					"sender":	true
				}],
			"sum":	{
				"start":	5.000089,
				"end":	6.000098,
				"seconds":	1.0000089406967163,
				"bytes":	125411286,
				"bits_per_second":	1003281317.966015,
				"retransmits":	8,
				"omitted":	false,
				"sender":	true
			}
		}, {
			"streams":	[{
					"socket":	5,
					"start":	6.000098,
					"end":	7.000084,
					"seconds":	0.99998599290847778,
					"bytes":	125724501,
					"bits_per_second":	1005810096.4740753,
					"retransmits":	9,
					"snd_cwnd":	545889,
					"rtt":	4130,
					"rttvar":	144,
					"pmtu":	9001,
					"omitted":	false,
					"sender":	true
				}],
			"sum":	{
				"start":	6.000098,
				"end":	7.000084,
				"seconds":	0.99998599290847778,
				"bytes":	125724501,
				"bits_per_second":	1005810096.4740753,
				"retransmits":	9,
				"omitted":	false,
				"sender":	true
			}
		}, {
			"streams":	[{
					"socket":	5,
					"start":	7.000084,
					"end":	8.0001,
					"seconds":	1.0000159740448,
					"bytes":	124221069,
					"bits_per_second":	993752677.75020564,
					"retransmits":	14,
					"snd_cwnd":	474297,
					"rtt":	3478,
					"rttvar":	149,
					"pmtu":	9001,
					"omitted":	false,
					"sender":	true
				}],
			"sum":	{
				"start":	7.000084,
				"end":	8.0001,
				"seconds":	1.0000159740448,
				"bytes":	124221069,
				"bits_per_second":	993752677.75020564,
				"retransmits":	14,
				"omitted":	false,
				"sender":	true
			}
		}, {
			"streams":	[{
					"socket":	5,
					"start":	8.0001,
					"end":	9.000085,
					"seconds":	0.9999849796295166,
					"bytes":	124722213,
					"bits_per_second":	997792691.21588767,
					"retransmits":	6,
					"snd_cwnd":	662226,
					"rtt":	5155,
					"rttvar":	141,
					"pmtu":	9001,
					"omitted":	false,
					"sender":	true
				}],
			"sum":	{
				"start":	8.0001,
				"end":	9.000085,
				"seconds":	0.9999849796295166,
				"bytes":	124722213,
				"bits_per_second":	997792691.21588767,
				"retransmits":	6,
				"omitted":	false,
				"sender":	true
			}
		}, {
			"streams":	[{
					"socket":	5,
					"start":	9.000085,
					"end":	10.000132,
					"seconds":	1.000046968460083,
					"bytes":	124158426,
					"bits_per_second":	993220757.95047665,
					"retransmits":	6,
					"snd_cwnd":	662226,
					"rtt":	5096,
					"rttvar":	120,
					"pmtu":	9001,
					"omitted":	false,
					"sender":	true
				}],
			"sum":	{
				"start":	9.000085,
				"end":	10.000132,
				"seconds":	1.000046968460083,
				"bytes":	124158426,
				"bits_per_second":	993220757.95047665,
				"retransmits":	6,
				"omitted":	false,
				"sender":	true
			}
		}],
	"end":	{
		"streams":	[{
				"sender":	{
					"socket":	5,
					"start":	0,
					"end":	10.000132,
					"seconds":	10.000132,
					"bytes":	1255768502,
					"bits_per_second":	1004601540.8596606,
					"retransmits":	100,
					"max_snd_cwnd":	689073,
					"max_rtt":	5155,
					"min_rtt":	3478,
					"mean_rtt":	4513,
					"sender":	true
				},
				"receiver":	{
					"socket":	5,
					"start":	0,
					"end":	10.040964,
					"seconds":	10.000132,
					"bytes":	1253316476,
					"bits_per_second":	998562668.68400276,
					"sender":	true
				}
			}],
		"sum_sent":	{
			"start":	0,
			"end":	10.000132,
			"seconds":	10.000132,
			"bytes":	1255768502,
			"bits_per_second":	1004601540.8596606,
			"retransmits":	100,
			"sender":	true
		},
		"sum_received":	{
			"start":	0,
			"end":	10.040964,
			"seconds":	10.040964,
			"bytes":	1253316476,
			"bits_per_second":	998562668.68400276,
			"sender":	true
		},
		"cpu_utilization_percent":	{
			"host_total":	3.9269327823504145,
			"host_user":	0.21795754060239736,
			"host_system":	3.7089851534142571,
			"remote_total":	0.731038999367382,
			"remote_user":	0.083545199366328274,
			"remote_system":	0.64749380000105383
		},
		"sender_tcp_congestion":	"cubic",
		"receiver_tcp_congestion":	"cubic"
	}
}
