{
	"start":	{
		"connected":	[{
				"socket":	5,
				"local_host":	"172.31.46.127",
				"local_port":	39834,
				"remote_host":	"10.100.236.22",
				"remote_port":	5201
			}],
		"version":	"iperf 3.9",
		"system_info":	"Linux iperf3-client-pd9bh 5.4.219-126.411.amzn2.x86_64 #1 SMP Wed Nov 2 17:44:17 UTC 2022 x86_64",
		"timestamp":	{
			"time":	"Tue, 29 Nov 2022 04:33:09 GMT",
			"timesecs":	1669696389
		},
		"connecting_to":	{
			"host":	"iperf3-server",
			"port":	5201
		},
		"cookie":	"azmcbl5hdomdlxlajusshb2o6eydjnbu5vzb",
		"tcp_mss_default":	8949,
		"sock_bufsize":	0,
		"sndbuf_actual":	20480,
		"rcvbuf_actual":	131072,
		"test_start":	{
			"protocol":	"TCP",
			"num_streams":	1,
			"blksize":	131072,
			"omit":	0,
			"duration":	10,
			"bytes":	0,
			"blocks":	0,
			"reverse":	0,
			"tos":	0
		}
	},
	"intervals":	[{
			"streams":	[{
					"socket":	5,
					"start":	0,
					"end":	1.000065,
					"seconds":	1.0000649690628052,
					"bytes":	625566230,
					"bits_per_second":	5004204721.5091581,
					"retransmits":	20,
					"snd_cwnd":	1619769,
					"rtt":	2563,
					"rttvar":	28,
					"pmtu":	9001,
					"omitted":	false,
					"sender":	true
				}],
			"sum":	{
				"start":	0,
				"end":	1.000065,
				"seconds":	1.0000649690628052,
				"bytes":	625566230,
				"bits_per_second":	5004204721.5091581,
				"retransmits":	20,
				"omitted":	false,
				"sender":	true
			}
		}, {
			"streams":	[{
					"socket":	5,
					"start":	1.000065,
					"end":	2.000068,
					"seconds":	1.0000029802322388,
					"bytes":	619970560,
					"bits_per_second":	4959749698.79405,
					"retransmits":	10,
					"snd_cwnd":	1512381,
					"rtt":	2398,
					"rttvar":	25,
					"pmtu":	9001,
					"omitted":	false,
					"sender":	true
				}],
			"sum":	{
				"start":	1.000065,
				"end":	2.000068,
				"seconds":	1.0000029802322388,
				"bytes":	619970560,
				"bits_per_second":	4959749698.79405,
				"retransmits":	10,
				"omitted":	false,
				"sender":	true
			}
		}, {
			"streams":	[{
					"socket":	5,
					"start":	2.000068,
					"end":	3.000077,
					"seconds":	1.0000089406967163,
					"bytes":	619970560,
					"bits_per_second":	4959720136.64646,
					"retransmits":	10,
					"snd_cwnd":	1476585,
					"rtt":	2337,
					"rttvar":	24,
					"pmtu":	9001,
					"omitted":	false,
					"sender":	true
				}],
			"sum":	{
				"start":	2.000068,
				"end":	3.000077,
				"seconds":	1.0000089406967163,
				"bytes":	619970560,
				"bits_per_second":	4959720136.64646,
				"retransmits":	10,
				"omitted":	false,
				"sender":	true
			}
		}, {
			"streams":	[{
					"socket":	5,
					"start":	3.000077,
					"end":	4.000072,
					"seconds":	0.999994993209839,
					"bytes":	621281280,
					"bits_per_second":	4970275125.1245947,
					"retransmits":	4,
					"snd_cwnd":	1494483,
					"rtt":	2375,
					"rttvar":	19,
					"pmtu":	9001,
					"omitted":	false,
					"sender":	true
				}],
			"sum":	{
				"start":	3.000077,
				"end":	4.000072,
				"seconds":	0.999994993209839,
				"bytes":	621281280,
				"bits_per_second":	4970275125.1245947,
				"retransmits":	4,
				"omitted":	false,
				"sender":	true
			}
		}, {
			"streams":	[{
					"socket":	5,
					"start":	4.000072,
					"end":	5.000083,
					"seconds":	1.0000109672546387,
					"bytes":	619970560,
					"bits_per_second":	4959710085.5965576,
					"retransmits":	8,
					"snd_cwnd":	1378146,
					"rtt":	2189,
					"rttvar":	23,
					"pmtu":	9001,
					"omitted":	false,
					"sender":	true
				}],
			"sum":	{
				"start":	4.000072,
				"end":	5.000083,
				"seconds":	1.0000109672546387,
				"bytes":	619970560,
				"bits_per_second":	4959710085.5965576,
				"retransmits":	8,
				"omitted":	false,
				"sender":	true
			}
		}, {
			"streams":	[{
					"socket":	5,
					"start":	5.000083,
					"end":	6.000071,
					"seconds":	0.9999880194664,
					"bytes":	600309760,
					"bits_per_second":	4802535616.9393234,
					"retransmits":	30,
					"snd_cwnd":	1199166,
					"rtt":	1904,
					"rttvar":	23,
					"pmtu":	9001,
					"omitted":	false,
					"sender":	true
				}],
			"sum":	{
				"start":	5.000083,
				"end":	6.000071,
				"seconds":	0.9999880194664,
				"bytes":	600309760,
				"bits_per_second":	4802535616.9393234,
				"retransmits":	30,
				"omitted":	false,
				"sender":	true
			}
		}, {
			"streams":	[{
					"socket":	5,
					"start":	6.000071,
					"end":	7.000073,
					"seconds":	1.0000020265579224,
					"bytes":	619970560,
					"bits_per_second":	4959754428.77037,
					"retransmits":	6,
					"snd_cwnd":	1503432,
					"rtt":	2734,
					"rttvar":	20,
					"pmtu":	9001,
					"omitted":	false,
					"sender":	true
				}],
			"sum":	{
				"start":	6.000071,
				"end":	7.000073,
				"seconds":	1.0000020265579224,
				"bytes":	619970560,
				"bits_per_second":	4959754428.77037,
				"retransmits":	6,
				"omitted":	false,
				"sender":	true
			}
		}, {
			"streams":	[{
					"socket":	5,
					"start":	7.000073,
					"end":	8.000064,
					"seconds":	0.999990999698639,
					"bytes":	621281280,
					"bits_per_second":	4970294974.15262,
					"retransmits":	5,
					"snd_cwnd":	1664514,
					"rtt":	2641,
					"rttvar":	23,
					"pmtu":	9001,
					"omitted":	false,
					"sender":	true
				}],
			"sum":	{
				"start":	7.000073,
				"end":	8.000064,
				"seconds":	0.999990999698639,
				"bytes":	621281280,
				"bits_per_second":	4970294974.15262,
				"retransmits":	5,
				"omitted":	false,
				"sender":	true
			}
		}, {
			"streams":	[{
					"socket":	5,
					"start":	8.000064,
					"end":	9.000079,
					"seconds":	1.0000150203704834,
					"bytes":	613416960,
					"bits_per_second":	4907261971.1071348,
					"retransmits":	5,
					"snd_cwnd":	1673463,
					"rtt":	2664,
					"rttvar":	27,
					"pmtu":	9001,
					"omitted":	false,
					"sender":	true
				}],
			"sum":	{
				"start":	8.000064,
				"end":	9.000079,
				"seconds":	1.0000150203704834,
				"bytes":	613416960,
				"bits_per_second":	4907261971.1071348,
				"retransmits":	5,
				"omitted":	false,
				"sender":	true
			}
		}, {
			"streams":	[{
					"socket":	5,
					"start":	9.000079,
					"end":	10.000091,
					"seconds":	1.0000120401382446,
					"bytes":	619970560,
					"bits_per_second":	4959704764.4689837,
					"retransmits":	17,
					"snd_cwnd":	1530279,
					"rtt":	2387,
					"rttvar":	18,
					"pmtu":	9001,
					"omitted":	false,
					"sender":	true
				}],
			"sum":	{
				"start":	9.000079,
				"end":	10.000091,
				"seconds":	1.0000120401382446,
				"bytes":	619970560,
				"bits_per_second":	4959704764.4689837,
				"retransmits":	17,
				"omitted":	false,
				"sender":	true
			}
		}],
	"end":	{
		"streams":	[{
				"sender":	{
					"socket":	5,
					"start":	0,
					"end":	10.000091,
					"seconds":	10.000091,
					"bytes":	6181708310,
					"bits_per_second":	4945321645.5730257,
					"retransmits":	115,
					"max_snd_cwnd":	1673463,
					"max_rtt":	2734,
					"min_rtt":	1904,
					"mean_rtt":	2419,
					"sender":	true
				},
				"receiver":	{
					"socket":	5,
					"start":	0,
					"end":	10.041716,
					"seconds":	10.000091,
					"bytes":	6178818538,
					"bits_per_second":	4922520045.7770367,
					"sender":	true
				}
			}],
		"sum_sent":	{
			"start":	0,
			"end":	10.000091,
			"seconds":	10.000091,
			"bytes":	6181708310,
			"bits_per_second":	4945321645.5730257,
			"retransmits":	115,
			"sender":	true
		},
		"sum_received":	{
			"start":	0,
			"end":	10.041716,
			"seconds":	10.041716,
			"bytes":	6178818538,
			"bits_per_second":	4922520045.7770367,
			"sender":	true
		},
		"cpu_utilization_percent":	{
			"host_total":	7.43723793564341,
			"host_user":	0.46489059070329886,
			"host_system":	6.97234734494011,
			"remote_total":	58.079707352795126,
			"remote_user":	7.0846261391842855,
			"remote_system":	50.995089334038077
		},
		"sender_tcp_congestion":	"cubic",
		"receiver_tcp_congestion":	"cubic"
	}
}
