{
	"start":	{
		"connected":	[{
				"socket":	4,
				"local_host":	"172.31.38.40",
				"local_port":	40542,
				"remote_host":	"172.31.23.89",
				"remote_port":	5201
			}],
		"version":	"iperf 3.1.7",
		"system_info":	"Linux ip-172-31-38-40.us-west-2.compute.internal 5.10.147-133.644.amzn2.x86_64 #1 SMP Fri Oct 14 01:16:24 UTC 2022 x86_64",
		"timestamp":	{
			"time":	"Sat, 03 Dec 2022 18:25:32 GMT",
			"timesecs":	1670091932
		},
		"connecting_to":	{
			"host":	"ip-172-31-23-89.us-west-2.compute.internal",
			"port":	5201
		},
		"cookie":	"ip-172-31-38-40.us-west-2.compute.in",
		"tcp_mss_default":	8949,
		"test_start":	{
			"protocol":	"TCP",
			"num_streams":	1,
			"blksize":	131072,
			"omit":	0,
			"duration":	10,
			"bytes":	0,
			"blocks":	0,
			"reverse":	0
		}
	},
	"intervals":	[{
			"streams":	[{
					"socket":	4,
					"start":	0,
					"end":	1.000144,
					"seconds":	1.000144,
					"bytes":	623661791,
					"bits_per_second":	4.988576e+09,
					"retransmits":	0,
					"snd_cwnd":	1387095,
					"rtt":	1827,
					"omitted":	false
				}],
			"sum":	{
				"start":	0,
				"end":	1.000144,
				"seconds":	1.000144,
				"bytes":	623661791,
				"bits_per_second":	4.988576e+09,
				"retransmits":	0,
				"omitted":	false
			}
		}, {
			"streams":	[{
					"socket":	4,
					"start":	1.000144,
					"end":	2.000060,
					"seconds":	0.999916,
					"bytes":	619970560,
					"bits_per_second":	4.960181e+09,
					"retransmits":	0,
					"snd_cwnd":	1387095,
					"rtt":	1846,
					"omitted":	false
				}],
			"sum":	{
				"start":	1.000144,
				"end":	2.000060,
				"seconds":	0.999916,
				"bytes":	619970560,
				"bits_per_second":	4.960181e+09,
				"retransmits":	0,
				"omitted":	false
			}
		}, {
			"streams":	[{
					"socket":	4,
					"start":	2.000060,
					"end":	3.000061,
					"seconds":	1.000001,
					"bytes":	619970560,
					"bits_per_second":	4.959760e+09,
					"retransmits":	0,
					"snd_cwnd":	1387095,
					"rtt":	1824,
					"omitted":	false
				}],
			"sum":	{
				"start":	2.000060,
				"end":	3.000061,
				"seconds":	1.000001,
				"bytes":	619970560,
				"bits_per_second":	4.959760e+09,
				"retransmits":	0,
				"omitted":	false
			}
		}, {
			"streams":	[{
					"socket":	4,
					"start":	3.000061,
					"end":	4.000060,
					"seconds":	0.999999,
					"bytes":	621281280,
					"bits_per_second":	4.970255e+09,
					"retransmits":	0,
					"snd_cwnd":	1387095,
					"rtt":	1835,
					"omitted":	false
				}],
			"sum":	{
				"start":	3.000061,
				"end":	4.000060,
				"seconds":	0.999999,
				"bytes":	621281280,
				"bits_per_second":	4.970255e+09,
				"retransmits":	0,
				"omitted":	false
			}
		}, {
			"streams":	[{
					"socket":	4,
					"start":	4.000060,
					"end":	5.000065,
					"seconds":	1.000005,
					"bytes":	619970560,
					"bits_per_second":	4.959740e+09,
					"retransmits":	0,
					"snd_cwnd":	1387095,
					"rtt":	1841,
					"omitted":	false
				}],
			"sum":	{
				"start":	4.000060,
				"end":	5.000065,
				"seconds":	1.000005,
				"bytes":	619970560,
				"bits_per_second":	4.959740e+09,
				"retransmits":	0,
				"omitted":	false
			}
		}, {
			"streams":	[{
					"socket":	4,
					"start":	5.000065,
					"end":	6.000070,
					"seconds":	1.000005,
					"bytes":	619970560,
					"bits_per_second":	4.959740e+09,
					"retransmits":	0,
					"snd_cwnd":	1387095,
					"rtt":	1842,
					"omitted":	false
				}],
			"sum":	{
				"start":	5.000065,
				"end":	6.000070,
				"seconds":	1.000005,
				"bytes":	619970560,
				"bits_per_second":	4.959740e+09,
				"retransmits":	0,
				"omitted":	false
			}
		}, {
			"streams":	[{
					"socket":	4,
					"start":	6.000070,
					"end":	7.000059,
					"seconds":	0.999989,
					"bytes":	621281280,
					"bits_per_second":	4.970305e+09,
					"retransmits":	0,
					"snd_cwnd":	1387095,
					"rtt":	1838,
					"omitted":	false
				}],
			"sum":	{
				"start":	6.000070,
				"end":	7.000059,
				"seconds":	0.999989,
				"bytes":	621281280,
				"bits_per_second":	4.970305e+09,
				"retransmits":	0,
				"omitted":	false
			}
		}, {
			"streams":	[{
					"socket":	4,
					"start":	7.000059,
					"end":	8.000060,
					"seconds":	1.000001,
					"bytes":	619970560,
					"bits_per_second":	4.959760e+09,
					"retransmits":	0,
					"snd_cwnd":	1387095,
					"rtt":	1831,
					"omitted":	false
				}],
			"sum":	{
				"start":	7.000059,
				"end":	8.000060,
				"seconds":	1.000001,
				"bytes":	619970560,
				"bits_per_second":	4.959760e+09,
				"retransmits":	0,
				"omitted":	false
			}
		}, {
			"streams":	[{
					"socket":	4,
					"start":	8.000060,
					"end":	9.000060,
					"seconds":	1,
					"bytes":	619970560,
					"bits_per_second":	4959764480,
					"retransmits":	0,
					"snd_cwnd":	1387095,
					"rtt":	1823,
					"omitted":	false
				}],
			"sum":	{
				"start":	8.000060,
				"end":	9.000060,
				"seconds":	1,
				"bytes":	619970560,
				"bits_per_second":	4959764480,
				"retransmits":	0,
				"omitted":	false
			}
		}, {
			"streams":	[{
					"socket":	4,
					"start":	9.000060,
					"end":	10.000085,
					"seconds":	1.000025,
					"bytes":	621281280,
					"bits_per_second":	4.970126e+09,
					"retransmits":	0,
					"snd_cwnd":	1387095,
					"rtt":	1852,
					"omitted":	false
				}],
			"sum":	{
				"start":	9.000060,
				"end":	10.000085,
				"seconds":	1.000025,
				"bytes":	621281280,
				"bits_per_second":	4.970126e+09,
				"retransmits":	0,
				"omitted":	false
			}
		}],
	"end":	{
		"streams":	[{
				"sender":	{
					"socket":	4,
					"start":	0,
					"end":	10.000085,
					"seconds":	10.000085,
					"bytes":	6207328991,
					"bits_per_second":	4.965821e+09,
					"retransmits":	0,
					"max_snd_cwnd":	1387095,
					"max_rtt":	1852,
					"min_rtt":	1823,
					"mean_rtt":	1835
				},
				"receiver":	{
					"socket":	4,
					"start":	0,
					"end":	10.000085,
					"seconds":	10.000085,
					"bytes":	6203983817,
					"bits_per_second":	4.963145e+09
				}
			}],
		"sum_sent":	{
			"start":	0,
			"end":	10.000085,
			"seconds":	10.000085,
			"bytes":	6207328991,
			"bits_per_second":	4.965821e+09,
			"retransmits":	0
		},
		"sum_received":	{
			"start":	0,
			"end":	10.000085,
			"seconds":	10.000085,
			"bytes":	6203983817,
			"bits_per_second":	4.963145e+09
		},
		"cpu_utilization_percent":	{
			"host_total":	5.888241,
			"host_user":	0.302525,
			"host_system":	5.585706,
			"remote_total":	2.649757,
			"remote_user":	0.554228,
			"remote_system":	2.095529
		},
		"sender_tcp_congestion":	"cubic",
		"receiver_tcp_congestion":	"cubic"
	}
}
