{
	"start":	{
		"connected":	[{
				"socket":	5,
				"local_host":	"172.31.1.76",
				"local_port":	54024,
				"remote_host":	"10.100.132.28",
				"remote_port":	5201
			}],
		"version":	"iperf 3.9",
		"system_info":	"Linux iperf3-client-xdtdj 5.4.219-126.411.amzn2.x86_64 #1 SMP Wed Nov 2 17:44:17 UTC 2022 x86_64",
		"timestamp":	{
			"time":	"Tue, 29 Nov 2022 03:47:12 GMT",
			"timesecs":	1669693632
		},
		"connecting_to":	{
			"host":	"iperf3-server",
			"port":	5201
		},
		"cookie":	"7dcsrzjjdr7zx4b3shwv5znhcj4ksjqxgdtg",
		"tcp_mss_default":	8949,
		"sock_bufsize":	0,
		"sndbuf_actual":	20480,
		"rcvbuf_actual":	131072,
		"test_start":	{
			"protocol":	"TCP",
			"num_streams":	1,
			"blksize":	131072,
			"omit":	0,
			"duration":	10,
			"bytes":	0,
			"blocks":	0,
			"reverse":	0,
			"tos":	0
		}
	},
	"intervals":	[{
			"streams":	[{
					"socket":	5,
					"start":	0,
					"end":	1.000089,
					"seconds":	1.0000890493392944,
					"bytes":	613528744,
					"bits_per_second":	4907792916.28341,
					"retransmits":	15,
					"snd_cwnd":	1727157,
					"rtt":	2696,
					"rttvar":	22,
					"pmtu":	9001,
					"omitted":	false,
					"sender":	true
				}],
			"sum":	{
				"start":	0,
				"end":	1.000089,
				"seconds":	1.0000890493392944,
				"bytes":	613528744,
				"bits_per_second":	4907792916.28341,
				"retransmits":	15,
				"omitted":	false,
				"sender":	true
			}
		}, {
			"streams":	[{
					"socket":	5,
					"start":	1.000089,
					"end":	2.000074,
					"seconds":	0.9999849796295166,
					"bytes":	621281280,
					"bits_per_second":	4970324896.1213627,
					"retransmits":	6,
					"snd_cwnd":	1413942,
					"rtt":	2244,
					"rttvar":	20,
					"pmtu":	9001,
					"omitted":	false,
					"sender":	true
				}],
			"sum":	{
				"start":	1.000089,
				"end":	2.000074,
				"seconds":	0.9999849796295166,
				"bytes":	621281280,
				"bits_per_second":	4970324896.1213627,
				"retransmits":	6,
				"omitted":	false,
				"sender":	true
			}
		}, {
			"streams":	[{
					"socket":	5,
					"start":	2.000074,
					"end":	3.000065,
					"seconds":	0.999990999698639,
					"bytes":	621281280,
					"bits_per_second":	4970294974.15262,
					"retransmits":	8,
					"snd_cwnd":	1601871,
					"rtt":	2568,
					"rttvar":	23,
					"pmtu":	9001,
					"omitted":	false,
					"sender":	true
				}],
			"sum":	{
				"start":	2.000074,
				"end":	3.000065,
				"seconds":	0.999990999698639,
				"bytes":	621281280,
				"bits_per_second":	4970294974.15262,
				"retransmits":	8,
				"omitted":	false,
				"sender":	true
			}
		}, {
			"streams":	[{
					"socket":	5,
					"start":	3.000065,
					"end":	4.000083,
					"seconds":	1.0000180006027222,
					"bytes":	621281280,
					"bits_per_second":	4970160774.11044,
					"retransmits":	9,
					"snd_cwnd":	1789800,
					"rtt":	2859,
					"rttvar":	32,
					"pmtu":	9001,
					"omitted":	false,
					"sender":	true
				}],
			"sum":	{
				"start":	3.000065,
				"end":	4.000083,
				"seconds":	1.0000180006027222,
				"bytes":	621281280,
				"bits_per_second":	4970160774.11044,
				"retransmits":	9,
				"omitted":	false,
				"sender":	true
			}
		}, {
			"streams":	[{
					"socket":	5,
					"start":	4.000083,
					"end":	5.000353,
					"seconds":	1.0002700090408325,
					"bytes":	621281280,
					"bits_per_second":	4968908589.7576952,
					"retransmits":	13,
					"snd_cwnd":	1458687,
					"rtt":	2307,
					"rttvar":	25,
					"pmtu":	9001,
					"omitted":	false,
					"sender":	true
				}],
			"sum":	{
				"start":	4.000083,
				"end":	5.000353,
				"seconds":	1.0002700090408325,
				"bytes":	621281280,
				"bits_per_second":	4968908589.7576952,
				"retransmits":	13,
				"omitted":	false,
				"sender":	true
			}
		}, {
			"streams":	[{
					"socket":	5,
					"start":	5.000353,
					"end":	6.000069,
					"seconds":	0.99971598386764526,
					"bytes":	596377600,
					"bits_per_second":	4772376231.83951,
					"retransmits":	14,
					"snd_cwnd":	1601871,
					"rtt":	2540,
					"rttvar":	23,
					"pmtu":	9001,
					"omitted":	false,
					"sender":	true
				}],
			"sum":	{
				"start":	5.000353,
				"end":	6.000069,
				"seconds":	0.99971598386764526,
				"bytes":	596377600,
				"bits_per_second":	4772376231.83951,
				"retransmits":	14,
				"omitted":	false,
				"sender":	true
			}
		}, {
			"streams":	[{
					"socket":	5,
					"start":	6.000069,
					"end":	7.000068,
					"seconds":	0.99999898672103882,
					"bytes":	619970560,
					"bits_per_second":	4959769505.6300926,
					"retransmits":	7,
					"snd_cwnd":	1798749,
					"rtt":	2865,
					"rttvar":	21,
					"pmtu":	9001,
					"omitted":	false,
					"sender":	true
				}],
			"sum":	{
				"start":	6.000069,
				"end":	7.000068,
				"seconds":	0.99999898672103882,
				"bytes":	619970560,
				"bits_per_second":	4959769505.6300926,
				"retransmits":	7,
				"omitted":	false,
				"sender":	true
			}
		}, {
			"streams":	[{
					"socket":	5,
						"start":	7.000068,
					"end":	8.000088,
					"seconds":	1.0000200271606445,
					"bytes":	617349120,
					"bits_per_second":	4938694051.9808464,
					"retransmits":	12,
					"snd_cwnd":	1458687,
					"rtt":	2306,
					"rttvar":	33,
					"pmtu":	9001,
					"omitted":	false,
					"sender":	true
				}],
			"sum":	{
				"start":	7.000068,
				"end":	8.000088,
				"seconds":	1.0000200271606445,
				"bytes":	617349120,
				"bits_per_second":	4938694051.9808464,
				"retransmits":	12,
				"omitted":	false,
				"sender":	true
			}
		}, {
			"streams":	[{
					"socket":	5,
					"start":	8.000088,
					"end":	9.000071,
					"seconds":	0.999983012676239,
					"bytes":	621281280,
					"bits_per_second":	4970334672.6842852,
					"retransmits":	9,
					"snd_cwnd":	1673463,
					"rtt":	2681,
					"rttvar":	40,
					"pmtu":	9001,
					"omitted":	false,
					"sender":	true
				}],
			"sum":	{
				"start":	8.000088,
				"end":	9.000071,
				"seconds":	0.999983012676239,
				"bytes":	621281280,
				"bits_per_second":	4970334672.6842852,
				"retransmits":	9,
				"omitted":	false,
				"sender":	true
			}
		}, {
			"streams":	[{
					"socket":	5,
					"start":	9.000071,
					"end":	10.000088,
					"seconds":	1.0000170469284058,
					"bytes":	621281280,
					"bits_per_second":	4970165513.94432,
					"retransmits":	13,
					"snd_cwnd":	1297605,
					"rtt":	2044,
					"rttvar":	25,
					"pmtu":	9001,
					"omitted":	false,
					"sender":	true
				}],
			"sum":	{
				"start":	9.000071,
				"end":	10.000088,
				"seconds":	1.0000170469284058,
				"bytes":	621281280,
				"bits_per_second":	4970165513.94432,
				"retransmits":	13,
				"omitted":	false,
				"sender":	true
			}
		}],
	"end":	{
		"streams":	[{
				"sender":	{
					"socket":	5,
					"start":	0,
					"end":	10.000088,
					"seconds":	10.000088,
					"bytes":	6174913704,
					"bits_per_second":	4939887492.19007,
					"retransmits":	106,
					"max_snd_cwnd":	1798749,
					"max_rtt":	2865,
					"min_rtt":	2044,
					"mean_rtt":	2511,
					"sender":	true
				},
				"receiver":	{
					"socket":	5,
					"start":	0,
					"end":	10.041107,
					"seconds":	10.000088,
					"bytes":	6171290272,
					"bits_per_second":	4916820642.98289,
					"sender":	true
				}
			}],
		"sum_sent":	{
			"start":	0,
			"end":	10.000088,
			"seconds":	10.000088,
			"bytes":	6174913704,
			"bits_per_second":	4939887492.19007,
			"retransmits":	106,
			"sender":	true
		},
		"sum_received":	{
			"start":	0,
			"end":	10.041107,
			"seconds":	10.041107,
			"bytes":	6171290272,
			"bits_per_second":	4916820642.98289,
			"sender":	true
		},
		"cpu_utilization_percent":	{
			"host_total":	10.820763557198971,
			"host_user":	0.519415132235357,
			"host_system":	10.301457489549382,
			"remote_total":	50.82685984535695,
			"remote_user":	5.80496959687711,
			"remote_system":	45.021897755423765
		},
		"sender_tcp_congestion":	"cubic",
		"receiver_tcp_congestion":	"cubic"
	}
}
