{
	"start":	{
		"connected":	[{
				"socket":	5,
				"local_host":	"172.31.29.122",
				"local_port":	35978,
				"remote_host":	"10.100.135.139",
				"remote_port":	5201
			}],
		"version":	"iperf 3.9",
		"system_info":	"Linux iperf3-client-zk6sl 5.4.219-126.411.amzn2.x86_64 #1 SMP Wed Nov 2 17:44:17 UTC 2022 x86_64",
		"timestamp":	{
			"time":	"Tue, 29 Nov 2022 04:14:25 GMT",
			"timesecs":	1669695265
		},
		"connecting_to":	{
			"host":	"iperf3-server",
			"port":	5201
		},
		"cookie":	"gqmqezm7syknb6aj6yuc32jnonn7rxy72ywa",
		"tcp_mss_default":	8949,
		"sock_bufsize":	0,
		"sndbuf_actual":	20480,
		"rcvbuf_actual":	131072,
		"test_start":	{
			"protocol":	"TCP",
			"num_streams":	1,
			"blksize":	131072,
			"omit":	0,
			"duration":	10,
			"bytes":	0,
			"blocks":	0,
			"reverse":	0,
			"tos":	0
		}
	},
	"intervals":	[{
			"streams":	[{
					"socket":	5,
					"start":	0,
					"end":	1.000069,
					"seconds":	1.00006902217865,
					"bytes":	1194746121,
					"bits_per_second":	9557309301.6899662,
					"retransmits":	155,
					"snd_cwnd":	1252860,
					"rtt":	1037,
					"rttvar":	15,
					"pmtu":	9001,
					"omitted":	false,
					"sender":	true
				}],
			"sum":	{
				"start":	0,
				"end":	1.000069,
				"seconds":	1.00006902217865,
				"bytes":	1194746121,
				"bits_per_second":	9557309301.6899662,
				"retransmits":	155,
				"omitted":	false,
				"sender":	true
			}
		}, {
			"streams":	[{
					"socket":	5,
					"start":	1.000069,
					"end":	2.000068,
					"seconds":	0.99999898672103882,
					"bytes":	1191444480,
					"bits_per_second":	9531565498.1347866,
					"retransmits":	112,
					"snd_cwnd":	1718208,
					"rtt":	1426,
					"rttvar":	25,
					"pmtu":	9001,
					"omitted":	false,
					"sender":	true
				}],
			"sum":	{
				"start":	1.000069,
				"end":	2.000068,
				"seconds":	0.99999898672103882,
				"bytes":	1191444480,
				"bits_per_second":	9531565498.1347866,
				"retransmits":	112,
				"omitted":	false,
				"sender":	true
			}
		}, {
			"streams":	[{
					"socket":	5,
					"start":	2.000068,
					"end":	3.000291,
					"seconds":	1.0002230405807495,
					"bytes":	1161297920,
					"bits_per_second":	9288311689.566576,
					"retransmits":	77,
					"snd_cwnd":	1807698,
					"rtt":	1564,
					"rttvar":	41,
					"pmtu":	9001,
					"omitted":	false,
					"sender":	true
				}],
			"sum":	{
				"start":	2.000068,
				"end":	3.000291,
				"seconds":	1.0002230405807495,
				"bytes":	1161297920,
				"bits_per_second":	9288311689.566576,
				"retransmits":	77,
				"omitted":	false,
				"sender":	true
			}
		}, {
			"streams":	[{
					"socket":	5,
					"start":	3.000291,
					"end":	4.000087,
					"seconds":	0.999795973300934,
					"bytes":	1191444480,
					"bits_per_second":	9533500928.72503,
					"retransmits":	100,
					"snd_cwnd":	1243911,
					"rtt":	1044,
					"rttvar":	18,
					"pmtu":	9001,
					"omitted":	false,
					"sender":	true
				}],
			"sum":	{
				"start":	3.000291,
				"end":	4.000087,
				"seconds":	0.999795973300934,
				"bytes":	1191444480,
				"bits_per_second":	9533500928.72503,
				"retransmits":	100,
				"omitted":	false,
				"sender":	true
			}
		}, {
			"streams":	[{
					"socket":	5,
					"start":	4.000087,
					"end":	5.00007,
					"seconds":	0.999983012676239,
					"bytes":	1191444480,
					"bits_per_second":	9531717758.37556,
					"retransmits":	110,
					"snd_cwnd":	1798749,
					"rtt":	1356,
					"rttvar":	22,
					"pmtu":	9001,
					"omitted":	false,
					"sender":	true
				}],
			"sum":	{
				"start":	4.000087,
				"end":	5.00007,
				"seconds":	0.999983012676239,
				"bytes":	1191444480,
				"bits_per_second":	9531717758.37556,
				"retransmits":	110,
				"omitted":	false,
				"sender":	true
			}
		}, {
			"streams":	[{
					"socket":	5,
					"start":	5.00007,
					"end":	6.000079,
					"seconds":	1.0000089406967163,
					"bytes":	1191444480,
					"bits_per_second":	9531470622.01191,
					"retransmits":	97,
					"snd_cwnd":	1252860,
					"rtt":	1023,
					"rttvar":	39,
					"pmtu":	9001,
					"omitted":	false,
					"sender":	true
				}],
			"sum":	{
				"start":	5.00007,
				"end":	6.000079,
				"seconds":	1.0000089406967163,
				"bytes":	1191444480,
				"bits_per_second":	9531470622.01191,
				"retransmits":	97,
				"omitted":	false,
				"sender":	true
			}
		}, {
			"streams":	[{
					"socket":	5,
					"start":	6.000079,
					"end":	7.000071,
					"seconds":	0.9999920129776,
					"bytes":	1188823040,
					"bits_per_second":	9510660281.85671,
					"retransmits":	179,
					"snd_cwnd":	1736106,
					"rtt":	1312,
					"rttvar":	25,
					"pmtu":	9001,
					"omitted":	false,
					"sender":	true
				}],
			"sum":	{
				"start":	6.000079,
				"end":	7.000071,
				"seconds":	0.9999920129776,
				"bytes":	1188823040,
				"bits_per_second":	9510660281.85671,
				"retransmits":	179,
				"omitted":	false,
				"sender":	true
			}
		}, {
			"streams":	[{
					"socket":	5,
					"start":	7.000071,
					"end":	8.000089,
					"seconds":	1.0000180006027222,
					"bytes":	1191444480,
					"bits_per_second":	9531384269.3383751,
					"retransmits":	151,
					"snd_cwnd":	1288656,
					"rtt":	1071,
					"rttvar":	15,
					"pmtu":	9001,
					"omitted":	false,
					"sender":	true
				}],
			"sum":	{
				"start":	7.000071,
				"end":	8.000089,
				"seconds":	1.0000180006027222,
				"bytes":	1191444480,
				"bits_per_second":	9531384269.3383751,
				"retransmits":	151,
				"omitted":	false,
				"sender":	true
			}
		}, {
			"streams":	[{
					"socket":	5,
					"start":	8.000089,
					"end":	9.00007,
					"seconds":	0.99998098611831665,
					"bytes":	1180958720,
					"bits_per_second":	9447849400.29066,
					"retransmits":	298,
					"snd_cwnd":	1825596,
					"rtt":	1504,
					"rttvar":	14,
					"pmtu":	9001,
					"omitted":	false,
					"sender":	true
				}],
			"sum":	{
				"start":	8.000089,
				"end":	9.00007,
				"seconds":	0.99998098611831665,
				"bytes":	1180958720,
				"bits_per_second":	9447849400.29066,
				"retransmits":	298,
				"omitted":	false,
				"sender":	true
			}
		}, {
			"streams":	[{
					"socket":	5,
					"start":	9.00007,
					"end":	10.000094,
					"seconds":	1.0000239610672,
					"bytes":	1191444480,
					"bits_per_second":	9531327459.22225,
					"retransmits":	32,
					"snd_cwnd":	1843494,
					"rtt":	1556,
					"rttvar":	19,
					"pmtu":	9001,
					"omitted":	false,
					"sender":	true
				}],
			"sum":	{
				"start":	9.00007,
				"end":	10.000094,
				"seconds":	1.0000239610672,
				"bytes":	1191444480,
				"bits_per_second":	9531327459.22225,
				"retransmits":	32,
				"omitted":	false,
				"sender":	true
			}
		}],
	"end":	{
		"streams":	[{
				"sender":	{
					"socket":	5,
					"start":	0,
					"end":	10.000094,
					"seconds":	10.000094,
					"bytes":	11874492681,
					"bits_per_second":	9499504849.4544144,
					"retransmits":	1311,
					"max_snd_cwnd":	1843494,
					"max_rtt":	1564,
					"min_rtt":	1023,
					"mean_rtt":	1289,
					"sender":	true
				},
				"receiver":	{
					"socket":	5,
					"start":	0,
					"end":	10.042906,
					"seconds":	10.000094,
					"bytes":	11871213946,
					"bits_per_second":	9456397537.5254936,
					"sender":	true
				}
			}],
		"sum_sent":	{
			"start":	0,
			"end":	10.000094,
			"seconds":	10.000094,
			"bytes":	11874492681,
			"bits_per_second":	9499504849.4544144,
			"retransmits":	1311,
			"sender":	true
		},
		"sum_received":	{
			"start":	0,
			"end":	10.042906,
			"seconds":	10.042906,
			"bytes":	11871213946,
			"bits_per_second":	9456397537.5254936,
			"sender":	true
		},
		"cpu_utilization_percent":	{
			"host_total":	17.791602011174493,
			"host_user":	0.95563403159117,
			"host_system":	16.835967979583323,
			"remote_total":	43.686645501705975,
			"remote_user":	3.82194399821634,
			"remote_system":	39.864708129273
		},
		"sender_tcp_congestion":	"cubic",
		"receiver_tcp_congestion":	"cubic"
	}
}