{
	"start":	{
		"connected":	[{
				"socket":	5,
				"local_host":	"172.31.47.70",
				"local_port":	60100,
				"remote_host":	"10.100.145.158",
				"remote_port":	5201
			}],
		"version":	"iperf 3.9",
		"system_info":	"Linux iperf3-client-5c2tt 5.4.219-126.411.amzn2.x86_64 #1 SMP Wed Nov 2 17:44:17 UTC 2022 x86_64",
		"timestamp":	{
			"time":	"Tue, 29 Nov 2022 03:49:05 GMT",
			"timesecs":	1669693745
		},
		"connecting_to":	{
			"host":	"iperf3-server",
			"port":	5201
		},
		"cookie":	"x5foub3bvr7yk57oggp6guo5o62w2xmratwa",
		"tcp_mss_default":	8949,
		"sock_bufsize":	0,
		"sndbuf_actual":	20480,
		"rcvbuf_actual":	131072,
		"test_start":	{
			"protocol":	"TCP",
			"num_streams":	1,
			"blksize":	131072,
			"omit":	0,
			"duration":	10,
			"bytes":	0,
			"blocks":	0,
			"reverse":	0,
			"tos":	0
		}
	},
	"intervals":	[{
			"streams":	[{
					"socket":	5,
					"start":	0,
					"end":	1.000073,
					"seconds":	1.0000729560852051,
					"bytes":	620082344,
					"bits_per_second":	4960296868.1590443,
					"retransmits":	15,
					"snd_cwnd":	1852443,
					"rtt":	2870,
					"rttvar":	26,
					"pmtu":	9001,
					"omitted":	false,
					"sender":	true
				}],
			"sum":	{
				"start":	0,
				"end":	1.000073,
				"seconds":	1.0000729560852051,
				"bytes":	620082344,
				"bits_per_second":	4960296868.1590443,
				"retransmits":	15,
				"omitted":	false,
				"sender":	true
			}
		}, {
			"streams":	[{
					"socket":	5,
					"start":	1.000073,
					"end":	2.000082,
					"seconds":	1.0000089406967163,
					"bytes":	621281280,
					"bits_per_second":	4970205802.8973,
					"retransmits":	9,
					"snd_cwnd":	1762953,
					"rtt":	2796,
					"rttvar":	20,
					"pmtu":	9001,
					"omitted":	false,
					"sender":	true
				}],
			"sum":	{
				"start":	1.000073,
				"end":	2.000082,
				"seconds":	1.0000089406967163,
				"bytes":	621281280,
				"bits_per_second":	4970205802.8973,
				"retransmits":	9,
				"omitted":	false,
				"sender":	true
			}
		}, {
			"streams":	[{
					"socket":	5,
					"start":	2.000082,
					"end":	3.000083,
					"seconds":	1.0000009536743164,
					"bytes":	614727680,
					"bits_per_second":	4917816750.0044727,
					"retransmits":	8,
					"snd_cwnd":	1646616,
					"rtt":	2611,
					"rttvar":	20,
					"pmtu":	9001,
					"omitted":	false,
					"sender":	true
				}],
			"sum":	{
				"start":	2.000082,
				"end":	3.000083,
				"seconds":	1.0000009536743164,
				"bytes":	614727680,
				"bits_per_second":	4917816750.0044727,
				"retransmits":	8,
				"omitted":	false,
				"sender":	true
			}
		}, {
			"streams":	[{
					"socket":	5,
					"start":	3.000083,
					"end":	4.000067,
					"seconds":	0.9999840259552002,
					"bytes":	621281280,
					"bits_per_second":	4970329636.26828,
					"retransmits":	13,
					"snd_cwnd":	1539228,
					"rtt":	2432,
					"rttvar":	21,
					"pmtu":	9001,
					"omitted":	false,
					"sender":	true
				}],
			"sum":	{
				"start":	3.000083,
				"end":	4.000067,
				"seconds":	0.9999840259552002,
				"bytes":	621281280,
				"bits_per_second":	4970329636.26828,
				"retransmits":	13,
				"omitted":	false,
				"sender":	true
			}
		}, {
			"streams":	[{
					"socket":	5,
					"start":	4.000067,
					"end":	5.000124,
					"seconds":	1.0000569820404053,
					"bytes":	621281280,
					"bits_per_second":	4969967041.13725,
					"retransmits":	11,
					"snd_cwnd":	1404993,
					"rtt":	2229,
					"rttvar":	29,
					"pmtu":	9001,
					"omitted":	false,
					"sender":	true
				}],
			"sum":	{
				"start":	4.000067,
				"end":	5.000124,
				"seconds":	1.0000569820404053,
				"bytes":	621281280,
				"bits_per_second":	4969967041.13725,
				"retransmits":	11,
				"omitted":	false,
				"sender":	true
			}
		}, {
			"streams":	[{
					"socket":	5,
					"start":	5.000124,
					"end":	6.000086,
					"seconds":	0.9999619722366333,
					"bytes":	619970560,
					"bits_per_second":	4959953095.9226418,
					"retransmits":	5,
					"snd_cwnd":	1924035,
					"rtt":	3062,
					"rttvar":	27,
					"pmtu":	9001,
					"omitted":	false,
					"sender":	true
				}],
			"sum":	{
				"start":	5.000124,
				"end":	6.000086,
				"seconds":	0.9999619722366333,
				"bytes":	619970560,
				"bits_per_second":	4959953095.9226418,
				"retransmits":	5,
				"omitted":	false,
				"sender":	true
			}
		}, {
			"streams":	[{
					"socket":	5,
					"start":	6.000086,
					"end":	7.000068,
					"seconds":	0.99998199939727783,
					"bytes":	621281280,
					"bits_per_second":	4970339709.1104975,
					"retransmits":	6,
					"snd_cwnd":	1861392,
					"rtt":	2949,
					"rttvar":	31,
					"pmtu":	9001,
					"omitted":	false,
					"sender":	true
				}],
			"sum":	{
				"start":	6.000086,
				"end":	7.000068,
				"seconds":	0.99998199939727783,
				"bytes":	621281280,
				"bits_per_second":	4970339709.1104975,
				"retransmits":	6,
				"omitted":	false,
				"sender":	true
			}
		}, {
			"streams":	[{
					"socket":	5,
					"start":	7.000068,
					"end":	8.000068,
					"seconds":	1,
					"bytes":	617349120,
					"bits_per_second":	4938792960,
					"retransmits":	11,
					"snd_cwnd":	1771902,
					"rtt":	2816,
					"rttvar":	23,
					"pmtu":	9001,
					"omitted":	false,
					"sender":	true
				}],
			"sum":	{
				"start":	7.000068,
				"end":	8.000068,
				"seconds":	1,
				"bytes":	617349120,
				"bits_per_second":	4938792960,
				"retransmits":	11,
				"omitted":	false,
				"sender":	true
			}
		}, {
			"streams":	[{
					"socket":	5,
					"start":	8.000068,
					"end":	9.000077,
					"seconds":	1.0000089406967163,
					"bytes":	618659840,
					"bits_per_second":	4949234470.3956223,
					"retransmits":	9,
					"snd_cwnd":	1682412,
					"rtt":	2666,
					"rttvar":	24,
					"pmtu":	9001,
					"omitted":	false,
					"sender":	true
				}],
			"sum":	{
				"start":	8.000068,
				"end":	9.000077,
				"seconds":	1.0000089406967163,
				"bytes":	618659840,
				"bits_per_second":	4949234470.3956223,
				"retransmits":	9,
				"omitted":	false,
				"sender":	true
			}
		}, {
			"streams":	[{
					"socket":	5,
					"start":	9.000077,
					"end":	10.00008,
					"seconds":	1.0000029802322388,
					"bytes":	621281280,
					"bits_per_second":	4970235427.5441446,
					"retransmits":	13,
					"snd_cwnd":	1566075,
					"rtt":	2489,
					"rttvar":	24,
					"pmtu":	9001,
					"omitted":	false,
					"sender":	true
				}],
			"sum":	{
				"start":	9.000077,
				"end":	10.00008,
				"seconds":	1.0000029802322388,
				"bytes":	621281280,
				"bits_per_second":	4970235427.5441446,
				"retransmits":	13,
				"omitted":	false,
				"sender":	true
			}
		}],
	"end":	{
		"streams":	[{
				"sender":	{
					"socket":	5,
					"start":	0,
					"end":	10.00008,
					"seconds":	10.00008,
					"bytes":	6197195944,
					"bits_per_second":	4957717093.4632521,
					"retransmits":	100,
					"max_snd_cwnd":	1924035,
					"max_rtt":	3062,
					"min_rtt":	2229,
					"mean_rtt":	2692,
					"sender":	true
				},
				"receiver":	{
					"socket":	5,
					"start":	0,
					"end":	10.038395,
					"seconds":	10.00008,
					"bytes":	6194231352,
					"bits_per_second":	4936431652.2711058,
					"sender":	true
				}
			}],
		"sum_sent":	{
			"start":	0,
			"end":	10.00008,
			"seconds":	10.00008,
			"bytes":	6197195944,
			"bits_per_second":	4957717093.4632521,
			"retransmits":	100,
			"sender":	true
		},
		"sum_received":	{
			"start":	0,
			"end":	10.038395,
			"seconds":	10.038395,
			"bytes":	6194231352,
			"bits_per_second":	4936431652.2711058,
			"sender":	true
		},
		"cpu_utilization_percent":	{
			"host_total":	7.6055760781168837,
			"host_user":	0.48822557080187817,
			"host_system":	7.1173405933002476,
			"remote_total":	36.725838563069061,
			"remote_user":	4.4264605246403352,
			"remote_system":	32.299388557596465
		},
		"sender_tcp_congestion":	"cubic",
		"receiver_tcp_congestion":	"cubic"
	}
}