{
	"start":	{
		"connected":	[{
				"socket":	5,
				"local_host":	"172.31.48.169",
				"local_port":	46120,
				"remote_host":	"10.100.220.220",
				"remote_port":	5201
			}],
		"version":	"iperf 3.9",
		"system_info":	"Linux iperf3-client-dcx4w 5.4.219-126.411.amzn2.x86_64 #1 SMP Wed Nov 2 17:44:17 UTC 2022 x86_64",
		"timestamp":	{
			"time":	"Tue, 29 Nov 2022 04:16:27 GMT",
			"timesecs":	1669695387
		},
		"connecting_to":	{
			"host":	"iperf3-server",
			"port":	5201
		},
		"cookie":	"qxppwvwihrp6n2fjirejl4k6vgw7djin7mvc",
		"tcp_mss_default":	8949,
		"sock_bufsize":	0,
		"sndbuf_actual":	20480,
		"rcvbuf_actual":	131072,
		"test_start":	{
			"protocol":	"TCP",
			"num_streams":	1,
			"blksize":	131072,
			"omit":	0,
			"duration":	10,
			"bytes":	0,
			"blocks":	0,
			"reverse":	0,
			"tos":	0
		}
	},
	"intervals":	[{
			"streams":	[{
					"socket":	5,
					"start":	0,
					"end":	1.000066,
					"seconds":	1.0000660419464111,
					"bytes":	615665859,
					"bits_per_second":	4925001615.3072472,
					"retransmits":	17,
					"snd_cwnd":	1619769,
					"rtt":	2571,
					"rttvar":	24,
					"pmtu":	9001,
					"omitted":	false,
					"sender":	true
				}],
			"sum":	{
				"start":	0,
				"end":	1.000066,
				"seconds":	1.0000660419464111,
				"bytes":	615665859,
				"bits_per_second":	4925001615.3072472,
				"retransmits":	17,
				"omitted":	false,
				"sender":	true
			}
		}, {
			"streams":	[{
					"socket":	5,
					"start":	1.000066,
					"end":	2.000065,
					"seconds":	0.99999898672103882,
					"bytes":	621281280,
					"bits_per_second":	4970255276.2551031,
					"retransmits":	9,
					"snd_cwnd":	1619769,
					"rtt":	2573,
					"rttvar":	22,
					"pmtu":	9001,
					"omitted":	false,
					"sender":	true
				}],
			"sum":	{
				"start":	1.000066,
				"end":	2.000065,
				"seconds":	0.99999898672103882,
				"bytes":	621281280,
				"bits_per_second":	4970255276.2551031,
				"retransmits":	9,
				"omitted":	false,
				"sender":	true
			}
		}, {
			"streams":	[{
					"socket":	5,
					"start":	2.000065,
					"end":	3.000083,
					"seconds":	1.0000180006027222,
					"bytes":	621281280,
					"bits_per_second":	4970160774.11044,
					"retransmits":	7,
					"snd_cwnd":	1512381,
					"rtt":	2396,
					"rttvar":	26,
					"pmtu":	9001,
					"omitted":	false,
					"sender":	true
				}],
			"sum":	{
				"start":	2.000065,
				"end":	3.000083,
				"seconds":	1.0000180006027222,
				"bytes":	621281280,
				"bits_per_second":	4970160774.11044,
				"retransmits":	7,
				"omitted":	false,
				"sender":	true
			}
		}, {
			"streams":	[{
					"socket":	5,
					"start":	3.000083,
					"end":	4.000066,
					"seconds":	0.999983012676239,
					"bytes":	602931200,
					"bits_per_second":	4823531538.891923,
					"retransmits":	17,
					"snd_cwnd":	1243911,
					"rtt":	1934,
					"rttvar":	20,
					"pmtu":	9001,
					"omitted":	false,
					"sender":	true
				}],
			"sum":	{
				"start":	3.000083,
				"end":	4.000066,
				"seconds":	0.999983012676239,
				"bytes":	602931200,
				"bits_per_second":	4823531538.891923,
				"retransmits":	17,
				"omitted":	false,
				"sender":	true
			}
		}, {
			"streams":	[{
					"socket":		5,
					"start":	4.000066,
					"end":	5.000066,
					"seconds":	1,
					"bytes":	621281280,
					"bits_per_second":	4970250240,
					"retransmits":	7,
					"snd_cwnd":	1208115,
					"rtt":	1926,
					"rttvar":	32,
					"pmtu":	9001,
					"omitted":	false,
					"sender":	true
				}],
			"sum":	{
				"start":	4.000066,
				"end":	5.000066,
				"seconds":	1,
				"bytes":	621281280,
				"bits_per_second":	4970250240,
				"retransmits":	7,
				"omitted":	false,
				"sender":	true
			}
		}, {
			"streams":	[{
					"socket":	5,
					"start":	5.000066,
					"end":	6.000068,
					"seconds":	1.0000020265579224,
					"bytes":	621281280,
					"bits_per_second":	4970240167.5204124,
					"retransmits":	8,
					"snd_cwnd":	1664514,
					"rtt":	2594,
					"rttvar":	23,
					"pmtu":	9001,
					"omitted":	false,
					"sender":	true
				}],
			"sum":	{
				"start":	5.000066,
				"end":	6.000068,
				"seconds":	1.0000020265579224,
				"bytes":	621281280,
				"bits_per_second":	4970240167.5204124,
				"retransmits":	8,
				"omitted":	false,
				"sender":	true
			}
		}, {
			"streams":	[{
					"socket":	5,
					"start":	6.000068,
					"end":	7.000064,
					"seconds":	0.9999960064888,
					"bytes":	618659840,
					"bits_per_second":	4949298485.0789318,
					"retransmits":	9,
					"snd_cwnd":	1548177,
					"rtt":	2458,
					"rttvar":	22,
					"pmtu":	9001,
					"omitted":	false,
					"sender":	true
				}],
			"sum":	{
				"start":	6.000068,
				"end":	7.000064,
				"seconds":	0.9999960064888,
				"bytes":	618659840,
				"bits_per_second":	4949298485.0789318,
				"retransmits":	9,
				"omitted":	false,
				"sender":	true
			}
		}, {
			"streams":	[{
					"socket":	5,
					"start":	7.000064,
					"end":	8.000064,
					"seconds":	1,
					"bytes":	617349120,
					"bits_per_second":	4938792960,
					"retransmits":	7,
					"snd_cwnd":	1494483,
					"rtt":	2364,
					"rttvar":	17,
					"pmtu":	9001,
					"omitted":	false,
					"sender":	true
				}],
			"sum":	{
				"start":	7.000064,
				"end":	8.000064,
				"seconds":	1,
				"bytes":	617349120,
				"bits_per_second":	4938792960,
				"retransmits":	7,
				"omitted":	false,
				"sender":	true
			}
		}, {
			"streams":	[{
					"socket":	5,
					"start":	8.000064,
					"end":	9.000068,
					"seconds":	1.0000040531158447,
					"bytes":	621281280,
					"bits_per_second":	4970230095.08165,
					"retransmits":	5,
					"snd_cwnd":	1378146,
					"rtt":	2187,
					"rttvar":	26,
					"pmtu":	9001,
					"omitted":	false,
					"sender":	true
				}],
			"sum":	{
				"start":	8.000064,
				"end":	9.000068,
				"seconds":	1.0000040531158447,
				"bytes":	621281280,
				"bits_per_second":	4970230095.08165,
				"retransmits":	5,
				"omitted":	false,
				"sender":	true
			}
		}, {
			"streams":	[{
					"socket":	5,
					"start":	9.000068,
					"end":	10.000074,
					"seconds":	1.0000059604644775,
					"bytes":	619970560,
					"bits_per_second":	4959734917.6762056,
					"retransmits":	12,
					"snd_cwnd":	1396044,
					"rtt":	2224,
					"rttvar":	25,
					"pmtu":	9001,
					"omitted":	false,
					"sender":	true
				}],
			"sum":	{
				"start":	9.000068,
				"end":	10.000074,
				"seconds":	1.0000059604644775,
				"bytes":	619970560,
				"bits_per_second":	4959734917.6762056,
				"retransmits":	12,
				"omitted":	false,
				"sender":	true
			}
		}],
	"end":	{
		"streams":	[{
				"sender":	{
					"socket":	5,
					"start":	0,
					"end":	10.000074,
					"seconds":	10.000074,
					"bytes":	6180982979,
					"bits_per_second":	4944749792.05154,
					"retransmits":	98,
					"max_snd_cwnd":	1664514,
					"max_rtt":	2594,
					"min_rtt":	1926,
					"mean_rtt":	2322,
					"sender":	true
				},
				"receiver":	{
					"socket":	5,
					"start":	0,
					"end":	10.040411,
					"seconds":	10.000074,
					"bytes":	6178014532,
					"bits_per_second":	4922519233.12701,
					"sender":	true
				}
			}],
		"sum_sent":	{
			"start":	0,
			"end":	10.000074,
			"seconds":	10.000074,
			"bytes":	6180982979,
			"bits_per_second":	4944749792.05154,
			"retransmits":	98,
			"sender":	true
		},
		"sum_received":	{
			"start":	0,
			"end":	10.040411,
			"seconds":	10.040411,
			"bytes":	6178014532,
			"bits_per_second":	4922519233.12701,
			"sender":	true
		},
		"cpu_utilization_percent":	{
			"host_total":	7.00752407816062,
			"host_user":	0.48369498828415636,
			"host_system":	6.5238290898764637,
			"remote_total":	46.960777592765865,
			"remote_user":	7.1450788288227969,
			"remote_system":	39.815692069237187
		},
		"sender_tcp_congestion":	"cubic",
		"receiver_tcp_congestion":	"cubic"
	}
}
