{
	"start":	{
		"connected":	[{
				"socket":	5,
				"local_host":	"172.31.9.151",
				"local_port":	43092,
				"remote_host":	"10.100.15.48",
				"remote_port":	5201
			}],
		"version":	"iperf 3.9",
		"system_info":	"Linux iperf3-client-zkkvd 5.4.219-126.411.amzn2.x86_64 #1 SMP Wed Nov 2 17:44:17 UTC 2022 x86_64",
		"timestamp":	{
			"time":	"Tue, 29 Nov 2022 04:19:32 GMT",
			"timesecs":	1669695572
		},
		"connecting_to":	{
			"host":	"iperf3-server",
			"port":	5201
		},
		"cookie":	"v4oh44dbtpyenwkvk2fj4xq4nmsjzr2xxmju",
		"tcp_mss_default":	8949,
		"sock_bufsize":	0,
		"sndbuf_actual":	20480,
		"rcvbuf_actual":	131072,
		"test_start":	{
			"protocol":	"TCP",
			"num_streams":	1,
			"blksize":	131072,
			"omit":	0,
			"duration":	10,
			"bytes":	0,
			"blocks":	0,
			"reverse":	0,
			"tos":	0
		}
	},
	"intervals":	[{
			"streams":	[{
					"socket":	5,
					"start":	0,
					"end":	1.000083,
					"seconds":	1.0000829696655273,
					"bytes":	624438656,
					"bits_per_second":	4995094806.6546144,
					"retransmits":	20,
					"snd_cwnd":	1557126,
					"rtt":	2444,
					"rttvar":	32,
					"pmtu":	9001,
					"omitted":	false,
					"sender":	true
				}],
			"sum":	{
				"start":	0,
				"end":	1.000083,
				"seconds":	1.0000829696655273,
				"bytes":	624438656,
				"bits_per_second":	4995094806.6546144,
				"retransmits":	20,
				"omitted":	false,
				"sender":	true
			}
		}, {
			"streams":	[{
					"socket":	5,
					"start":	1.000083,
					"end":	2.000054,
					"seconds":	0.99997097253799438,
					"bytes":	621281280,
					"bits_per_second":	4970394517.9380226,
					"retransmits":	15,
					"snd_cwnd":	1413942,
					"rtt":	2257,
					"rttvar":	13,
					"pmtu":	9001,
					"omitted":	false,
					"sender":	true
				}],
			"sum":	{
				"start":	1.000083,
				"end":	2.000054,
				"seconds":	0.99997097253799438,
				"bytes":	621281280,
				"bits_per_second":	4970394517.9380226,
				"retransmits":	15,
				"omitted":	false,
				"sender":	true
			}
		}, {
			"streams":	[{
					"socket":	5,
					"start":	2.000054,
					"end":	3.000071,
					"seconds":	1.0000170469284058,
					"bytes":	621281280,
					"bits_per_second":	4970165513.94432,
					"retransmits":	8,
					"snd_cwnd":	1754004,
					"rtt":	2755,
					"rttvar":	22,
					"pmtu":	9001,
					"omitted":	false,
					"sender":	true
				}],
			"sum":	{
				"start":	2.000054,
				"end":	3.000071,
				"seconds":	1.0000170469284058,
				"bytes":	621281280,
				"bits_per_second":	4970165513.94432,
				"retransmits":	8,
				"omitted":	false,
				"sender":	true
			}
		}, {
			"streams":	[{
					"socket":	5,
					"start":	3.000071,
					"end":	4.000213,
					"seconds":	1.000141978263855,
					"bytes":	621281280,
					"bits_per_second":	4969544672.6752234,
					"retransmits":	12,
					"snd_cwnd":	1628718,
					"rtt":	2589,
					"rttvar":	22,
					"pmtu":	9001,
					"omitted":	false,
					"sender":	true
				}],
			"sum":	{
				"start":	3.000071,
				"end":	4.000213,
				"seconds":	1.000141978263855,
				"bytes":	621281280,
				"bits_per_second":	4969544672.6752234,
				"retransmits":	12,
				"omitted":	false,
				"sender":	true
			}
		}, {
			"streams":	[{
					"socket":	5,
					"start":	4.000213,
					"end":	5.000066,
					"seconds":	0.999853014945984,
					"bytes":	619970560,
					"bits_per_second":	4960493598.41951,
					"retransmits":	17,
					"snd_cwnd":	1387095,
					"rtt":	2202,
					"rttvar":	23,
					"pmtu":	9001,
					"omitted":	false,
					"sender":	true
				}],
			"sum":	{
				"start":	4.000213,
				"end":	5.000066,
				"seconds":	0.999853014945984,
				"bytes":	619970560,
				"bits_per_second":	4960493598.41951,
				"retransmits":	17,
				"omitted":	false,
				"sender":	true
			}
		}, {
			"streams":	[{
					"socket":	5,
					"start":	5.000066,
					"end":	6.000064,
					"seconds":	0.99999797344207764,
					"bytes":	621281280,
					"bits_per_second":	4970260312.5204124,
					"retransmits":	15,
					"snd_cwnd":	1351299,
					"rtt":	2148,
					"rttvar":	28,
					"pmtu":	9001,
					"omitted":	false,
					"sender":	true
				}],
			"sum":	{
				"start":	5.000066,
				"end":	6.000064,
				"seconds":	0.99999797344207764,
				"bytes":	621281280,
				"bits_per_second":	4970260312.5204124,
				"retransmits":	15,
				"omitted":	false,
				"sender":	true
			}
		}, {
			"streams":	[{
					"socket":	5,
					"start":	6.000064,
					"end":	7.000066,
					"seconds":	1.0000020265579224,
					"bytes":	621281280,
					"bits_per_second":	4970240167.5204124,
					"retransmits":	11,
					"snd_cwnd":	1700310,
					"rtt":	2697,
					"rttvar":	24,
					"pmtu":	9001,
					"omitted":	false,
					"sender":	true
				}],
			"sum":	{
				"start":	6.000064,
				"end":	7.000066,
				"seconds":	1.0000020265579224,
				"bytes":	621281280,
				"bits_per_second":	4970240167.5204124,
				"retransmits":	11,
				"omitted":	false,
				"sender":	true
			}
		}, {
			"streams":	[{
					"socket":	5,
					"start":	7.000066,
					"end":	8.000064,
					"seconds":	0.99999797344207764,
					"bytes":	619970560,
					"bits_per_second":	4959774531.27037,
					"retransmits":	11,
					"snd_cwnd":	1539228,
					"rtt":	2542,
					"rttvar":	164,
					"pmtu":	9001,
					"omitted":	false,
					"sender":	true
				}],
			"sum":	{
				"start":	7.000066,
				"end":	8.000064,
				"seconds":	0.99999797344207764,
				"bytes":	619970560,
				"bits_per_second":	4959774531.27037,
				"retransmits":	11,
				"omitted":	false,
				"sender":	true
			}
		}, {
			"streams":	[{
					"socket":	5,
					"start":	8.000064,
					"end":	9.000066,
					"seconds":	1.0000020265579224,
					"bytes":	621281280,
					"bits_per_second":	4970240167.5204124,
					"retransmits":	14,
					"snd_cwnd":	1270758,
					"rtt":	2018,
					"rttvar":	29,
					"pmtu":	9001,
					"omitted":	false,
					"sender":	true
				}],
			"sum":	{
				"start":	8.000064,
				"end":	9.000066,
				"seconds":	1.0000020265579224,
				"bytes":	621281280,
				"bits_per_second":	4970240167.5204124,
				"retransmits":	14,
				"omitted":	false,
				"sender":	true
			}
		}, {
			"streams":	[{
					"socket":	5,
					"start":	9.000066,
					"end":	10.000072,
					"seconds":	1.0000059604644775,
					"bytes":	619970560,
					"bits_per_second":	4959734917.6762056,
					"retransmits":	9,
					"snd_cwnd":	1619769,
					"rtt":	2565,
					"rttvar":	18,
					"pmtu":	9001,
					"omitted":	false,
					"sender":	true
				}],
			"sum":	{
				"start":	9.000066,
				"end":	10.000072,
				"seconds":	1.0000059604644775,
				"bytes":	619970560,
				"bits_per_second":	4959734917.6762056,
				"retransmits":	9,
				"omitted":	false,
				"sender":	true
			}
		}],
	"end":	{
		"streams":	[{
				"sender":	{
					"socket":	5,
					"start":	0,
					"end":	10.000072,
					"seconds":	10.000072,
					"bytes":	6212038016,
					"bits_per_second":	4969594631.7186518,
					"retransmits":	132,
					"max_snd_cwnd":	1754004,
					"max_rtt":	2755,
					"min_rtt":	2018,
					"mean_rtt":	2421,
					"sender":	true
				},
				"receiver":	{
					"socket":	5,
					"start":	0,
					"end":	10.04255,
					"seconds":	10.000072,
					"bytes":	6209336336,
					"bits_per_second":	4946422043.0070047,
					"sender":	true
				}
			}],
		"sum_sent":	{
			"start":	0,
			"end":	10.000072,
			"seconds":	10.000072,
			"bytes":	6212038016,
			"bits_per_second":	4969594631.7186518,
			"retransmits":	132,
			"sender":	true
		},
		"sum_received":	{
			"start":	0,
			"end":	10.04255,
			"seconds":	10.04255,
			"bytes":	6209336336,
			"bits_per_second":	4946422043.0070047,
			"sender":	true
		},
		"cpu_utilization_percent":	{
			"host_total":	7.4279077878793256,
			"host_user":	0.65323908453332935,
			"host_system":	6.7746687033459958,
			"remote_total":	23.043884150862141,
			"remote_user":	2.5534125379470187,
			"remote_system":	20.4904749959446
		},
		"sender_tcp_congestion":	"cubic",
		"receiver_tcp_congestion":	"cubic"
	}
}
