{
	"start":	{
		"connected":	[{
				"socket":	5,
				"local_host":	"172.31.47.70",
				"local_port":	49924,
				"remote_host":	"10.100.32.165",
				"remote_port":	5201
			}],
		"version":	"iperf 3.9",
		"system_info":	"Linux iperf3-client-5796s 5.4.219-126.411.amzn2.x86_64 #1 SMP Wed Nov 2 17:44:17 UTC 2022 x86_64",
		"timestamp":	{
			"time":	"Tue, 29 Nov 2022 04:04:06 GMT",
			"timesecs":	1669694646
		},
		"connecting_to":	{
			"host":	"iperf3-server",
			"port":	5201
		},
		"cookie":	"ej7hufwlzqicvyyrqdcsfut3vkax73shim4t",
		"tcp_mss_default":	8949,
		"sock_bufsize":	0,
		"sndbuf_actual":	20480,
		"rcvbuf_actual":	131072,
		"test_start":	{
			"protocol":	"TCP",
			"num_streams":	1,
			"blksize":	131072,
			"omit":	0,
			"duration":	10,
			"bytes":	0,
			"blocks":	0,
			"reverse":	0,
			"tos":	0
		}
	},
	"intervals":	[{
			"streams":	[{
					"socket":	5,
					"start":	0,
					"end":	1.000069,
					"seconds":	1.00006902217865,
					"bytes":	621580993,
					"bits_per_second":	4972304744.69361,
					"retransmits":	14,
					"snd_cwnd":	1915086,
					"rtt":	3034,
					"rttvar":	27,
					"pmtu":	9001,
					"omitted":	false,
					"sender":	true
				}],
			"sum":	{
				"start":	0,
				"end":	1.000069,
				"seconds":	1.00006902217865,
				"bytes":	621580993,
				"bits_per_second":	4972304744.69361,
				"retransmits":	14,
				"omitted":	false,
				"sender":	true
			}
		}, {
			"streams":	[{
					"socket":	5,
					"start":	1.000069,
					"end":	2.000066,
					"seconds":	0.99999701976776123,
					"bytes":	621281280,
					"bits_per_second":	4970265052.5441446,
					"retransmits":	3,
					"snd_cwnd":	1915086,
					"rtt":	3041,
					"rttvar":	24,
					"pmtu":	9001,
					"omitted":	false,
					"sender":	true
				}],
			"sum":	{
				"start":	1.000069,
				"end":	2.000066,
				"seconds":	0.99999701976776123,
				"bytes":	621281280,
				"bits_per_second":	4970265052.5441446,
				"retransmits":	3,
				"omitted":	false,
				"sender":	true
			}
		}, {
			"streams":	[{
					"socket":	5,
					"start":	2.000066,
					"end":	3.000077,
					"seconds":	1.0000109672546387,
					"bytes":	619970560,
					"bits_per_second":	4959710085.5965576,
					"retransmits":	4,
					"snd_cwnd":	1915086,
					"rtt":	3052,
					"rttvar":	25,
					"pmtu":	9001,
					"omitted":	false,
					"sender":	true
				}],
			"sum":	{
				"start":	2.000066,
				"end":	3.000077,
				"seconds":	1.0000109672546387,
				"bytes":	619970560,
				"bits_per_second":	4959710085.5965576,
				"retransmits":	4,
				"omitted":	false,
				"sender":	true
			}
		}, {
			"streams":	[{
					"socket":	5,
					"start":	3.000077,
					"end":	4.000072,
					"seconds":	0.999994993209839,
					"bytes":	621281280,
					"bits_per_second":	4970275125.1245947,
					"retransmits":	7,
					"snd_cwnd":	1870341,
					"rtt":	2925,
					"rttvar":	20,
					"pmtu":	9001,
					"omitted":	false,
					"sender":	true
				}],
			"sum":	{
				"start":	3.000077,
				"end":	4.000072,
				"seconds":	0.999994993209839,
				"bytes":	621281280,
				"bits_per_second":	4970275125.1245947,
				"retransmits":	7,
				"omitted":	false,
				"sender":	true
			}
		}, {
			"streams":	[{
					"socket":	5,
					"start":	4.000072,
					"end":	5.000068,
					"seconds":	0.9999960064888,
					"bytes":	621281280,
					"bits_per_second":	4970270088.8292665,
					"retransmits":	7,
					"snd_cwnd":	1816647,
					"rtt":	2950,
					"rttvar":	70,
					"pmtu":	9001,
					"omitted":	false,
					"sender":	true
				}],
			"sum":	{
				"start":	4.000072,
				"end":	5.000068,
				"seconds":	0.9999960064888,
				"bytes":	621281280,
				"bits_per_second":	4970270088.8292665,
				"retransmits":	7,
				"omitted":	false,
				"sender":	true
			}
		}, {
			"streams":	[{
					"socket":	5,
					"start":	5.000068,
					"end":	6.000069,
					"seconds":	1.0000009536743164,
					"bytes":	621281280,
					"bits_per_second":	4970245500.00452,
					"retransmits":	6,
					"snd_cwnd":	1807698,
					"rtt":	2889,
					"rttvar":	24,
					"pmtu":	9001,
					"omitted":	false,
					"sender":	true
				}],
			"sum":	{
				"start":	5.000068,
				"end":	6.000069,
				"seconds":	1.0000009536743164,
				"bytes":	621281280,
				"bits_per_second":	4970245500.00452,
				"retransmits":	6,
				"omitted":	false,
				"sender":	true
			}
		}, {
			"streams":	[{
					"socket":	5,
					"start":	6.000069,
					"end":	7.000069,
					"seconds":	1,
					"bytes":	619970560,
					"bits_per_second":	4959764480,
					"retransmits":	4,
					"snd_cwnd":	1789800,
					"rtt":	2839,
					"rttvar":	31,
					"pmtu":	9001,
					"omitted":	false,
					"sender":	true
				}],
			"sum":	{
				"start":	6.000069,
				"end":	7.000069,
				"seconds":	1,
				"bytes":	619970560,
				"bits_per_second":	4959764480,
				"retransmits":	4,
				"omitted":	false,
				"sender":	true
			}
		}, {
			"streams":	[{
					"socket":	5,
					"start":	7.000069,
					"end":	8.000076,
					"seconds":	1.0000070333480835,
					"bytes":	621281280,
					"bits_per_second":	4970215282.7458668,
					"retransmits":	10,
					"snd_cwnd":	1736106,
					"rtt":	2753,
					"rttvar":	21,
					"pmtu":	9001,
					"omitted":	false,
					"sender":	true
				}],
			"sum":	{
				"start":	7.000069,
				"end":	8.000076,
				"seconds":	1.0000070333480835,
				"bytes":	621281280,
				"bits_per_second":	4970215282.7458668,
				"retransmits":	10,
				"omitted":	false,
				"sender":	true
			}
		}, {
			"streams":	[{
					"socket":	5,
					"start":	8.000076,
					"end":	9.000069,
					"seconds":	0.99999302625656128,
					"bytes":	621281280,
					"bits_per_second":	4970284901.49172,
					"retransmits":	6,
					"snd_cwnd":	1932984,
					"rtt":	3072,
					"rttvar":	20,
					"pmtu":	9001,
					"omitted":	false,
					"sender":	true
				}],
			"sum":	{
				"start":	8.000076,
				"end":	9.000069,
				"seconds":	0.99999302625656128,
				"bytes":	621281280,
				"bits_per_second":	4970284901.49172,
				"retransmits":	6,
				"omitted":	false,
				"sender":	true
			}
		}, {
			"streams":	[{
					"socket":	5,
					"start":	9.000069,
					"end":	10.000083,
					"seconds":	1.0000139474868774,
					"bytes":	621281280,
					"bits_per_second":	4970180918.46686,
					"retransmits":	9,
					"snd_cwnd":	1888239,
					"rtt":	2990,
					"rttvar":	25,
					"pmtu":	9001,
					"omitted":	false,
					"sender":	true
				}],
			"sum":	{
				"start":	9.000069,
				"end":	10.000083,
				"seconds":	1.0000139474868774,
				"bytes":	621281280,
				"bits_per_second":	4970180918.46686,
				"retransmits":	9,
				"omitted":	false,
				"sender":	true
			}
		}],
	"end":	{
		"streams":	[{
				"sender":	{
					"socket":	5,
					"start":	0,
					"end":	10.000083,
					"seconds":	10.000083,
					"bytes":	6210491073,
					"bits_per_second":	4968351621.0815449,
					"retransmits":	70,
					"max_snd_cwnd":	1932984,
					"max_rtt":	3072,
					"min_rtt":	2753,
					"mean_rtt":	2954,
					"sender":	true
				},
				"receiver":	{
					"socket":	5,
					"start":	0,
					"end":	10.041769,
					"seconds":	10.000083,
					"bytes":	6207114496,
					"bits_per_second":	4945036673.1200447,
					"sender":	true
				}
			}],
		"sum_sent":	{
			"start":	0,
			"end":	10.000083,
			"seconds":	10.000083,
			"bytes":	6210491073,
			"bits_per_second":	4968351621.0815449,
			"retransmits":	70,
			"sender":	true
		},
		"sum_received":	{
			"start":	0,
			"end":	10.041769,
			"seconds":	10.041769,
			"bytes":	6207114496,
			"bits_per_second":	4945036673.1200447,
			"sender":	true
		},
		"cpu_utilization_percent":	{
			"host_total":	8.18963683957504,
			"host_user":	0.46071577604038039,
			"host_system":	7.72892106353466,
			"remote_total":	30.560194522940371,
			"remote_user":	3.6087387729056126,
			"remote_system":	26.951460233452458
		},
		"sender_tcp_congestion":	"cubic",
		"receiver_tcp_congestion":	"cubic"
	}
}
