{
	"start":	{
		"connected":	[{
				"socket":	4,
				"local_host":	"172.31.43.4",
				"local_port":	42754,
				"remote_host":	"172.31.38.148",
				"remote_port":	5201
			}],
		"version":	"iperf 3.1.7",
		"system_info":	"Linux ip-172-31-43-4.us-west-2.compute.internal 5.10.147-133.644.amzn2.x86_64 #1 SMP Fri Oct 14 01:16:24 UTC 2022 x86_64",
		"timestamp":	{
			"time":	"Sat, 03 Dec 2022 18:55:53 GMT",
			"timesecs":	1670093753
		},
		"connecting_to":	{
			"host":	"ip-172-31-38-148.us-west-2.compute.internal",
			"port":	5201
		},
		"cookie":	"ip-172-31-43-4.us-west-2.compute.int",
		"tcp_mss_default":	8949,
		"test_start":	{
			"protocol":	"TCP",
			"num_streams":	1,
			"blksize":	131072,
			"omit":	0,
			"duration":	10,
			"bytes":	0,
			"blocks":	0,
			"reverse":	0
		}
	},
	"intervals":	[{
			"streams":	[{
					"socket":	4,
					"start":	0,
					"end":	1.000037,
					"seconds":	1.000037,
					"bytes":	1196673241,
					"bits_per_second":	9.573032e+09,
					"retransmits":	0,
					"snd_cwnd":	1261809,
					"rtt":	863,
					"omitted":	false
				}],
			"sum":	{
				"start":	0,
				"end":	1.000037,
				"seconds":	1.000037,
				"bytes":	1196673241,
				"bits_per_second":	9.573032e+09,
				"retransmits":	0,
				"omitted":	false
			}
		}, {
			"streams":	[{
					"socket":	4,
					"start":	1.000037,
					"end":	2.000062,
					"seconds":	1.000025,
					"bytes":	1191444480,
					"bits_per_second":	9.531317e+09,
					"retransmits":	0,
					"snd_cwnd":	1261809,
					"rtt":	869,
					"omitted":	false
				}],
			"sum":	{
				"start":	1.000037,
				"end":	2.000062,
				"seconds":	1.000025,
				"bytes":	1191444480,
				"bits_per_second":	9.531317e+09,
				"retransmits":	0,
				"omitted":	false
			}
		}, {
			"streams":	[{
					"socket":	4,
					"start":	2.000062,
					"end":	3.000062,
					"seconds":	1,
					"bytes":	1191444480,
					"bits_per_second":	9531555840,
					"retransmits":	0,
					"snd_cwnd":	1324452,
					"rtt":	850,
					"omitted":	false
				}],
			"sum":	{
				"start":	2.000062,
				"end":	3.000062,
				"seconds":	1,
				"bytes":	1191444480,
				"bits_per_second":	9531555840,
				"retransmits":	0,
				"omitted":	false
			}
		}, {
			"streams":	[{
					"socket":	4,
					"start":	3.000062,
					"end":	4.000063,
					"seconds":	1.000001,
					"bytes":	1191444480,
					"bits_per_second":	9.531547e+09,
					"retransmits":	0,
					"snd_cwnd":	1324452,
					"rtt":	849,
					"omitted":	false
				}],
			"sum":	{
				"start":	3.000062,
				"end":	4.000063,
				"seconds":	1.000001,
				"bytes":	1191444480,
				"bits_per_second":	9.531547e+09,
				"retransmits":	0,
				"omitted":	false
			}
		}, {
			"streams":	[{
					"socket":	4,
					"start":	4.000063,
					"end":	5.000062,
					"seconds":	0.999999,
					"bytes":	1191444480,
					"bits_per_second":	9.531565e+09,
					"retransmits":	0,
					"snd_cwnd":	1324452,
					"rtt":	853,
					"omitted":	false
				}],
			"sum":	{
				"start":	4.000063,
				"end":	5.000062,
				"seconds":	0.999999,
				"bytes":	1191444480,
				"bits_per_second":	9.531565e+09,
				"retransmits":	0,
				"omitted":	false
			}
		}, {
			"streams":	[{
					"socket":	4,
					"start":	5.000062,
					"end":	6.000063,
					"seconds":	1.000001,
					"bytes":	1191444480,
					"bits_per_second":	9.531547e+09,
					"retransmits":	0,
					"snd_cwnd":	1324452,
					"rtt":	842,
					"omitted":	false
				}],
			"sum":	{
				"start":	5.000062,
				"end":	6.000063,
				"seconds":	1.000001,
				"bytes":	1191444480,
				"bits_per_second":	9.531547e+09,
				"retransmits":	0,
				"omitted":	false
			}
		}, {
			"streams":	[{
					"socket":	4,
					"start":	6.000063,
					"end":	7.000061,
					"seconds":	0.999998,
					"bytes":	1191444480,
					"bits_per_second":	9.531574e+09,
					"retransmits":	0,
					"snd_cwnd":	1324452,
					"rtt":	857,
					"omitted":	false
				}],
			"sum":	{
				"start":	6.000063,
				"end":	7.000061,
				"seconds":	0.999998,
				"bytes":	1191444480,
				"bits_per_second":	9.531574e+09,
				"retransmits":	0,
				"omitted":	false
			}
		}, {
			"streams":	[{
					"socket":	4,
					"start":	7.000061,
					"end":	8.000061,
					"seconds":	1,
					"bytes":	1191444480,
					"bits_per_second":	9531555840,
					"retransmits":	0,
					"snd_cwnd":	1324452,
					"rtt":	849,
					"omitted":	false
				}],
			"sum":	{
				"start":	7.000061,
				"end":	8.000061,
				"seconds":	1,
				"bytes":	1191444480,
				"bits_per_second":	9531555840,
				"retransmits":	0,
				"omitted":	false
			}
		}, {
			"streams":	[{
					"socket":	4,
					"start":	8.000061,
					"end":	9.000061,
					"seconds":	1,
					"bytes":	1191444480,
					"bits_per_second":	9531555840,
					"retransmits":	0,
					"snd_cwnd":	1324452,
					"rtt":	842,
					"omitted":	false
				}],
			"sum":	{
				"start":	8.000061,
				"end":	9.000061,
				"seconds":	1,
				"bytes":	1191444480,
				"bits_per_second":	9531555840,
				"retransmits":	0,
				"omitted":	false
			}
		}, {
			"streams":	[{
					"socket":	4,
					"start":	9.000061,
					"end":	10.000075,
					"seconds":	1.000014,
					"bytes":	1191444480,
					"bits_per_second":	9.531424e+09,
					"retransmits":	0,
					"snd_cwnd":	1324452,
					"rtt":	847,
					"omitted":	false
				}],
			"sum":	{
				"start":	9.000061,
				"end":	10.000075,
				"seconds":	1.000014,
				"bytes":	1191444480,
				"bits_per_second":	9.531424e+09,
				"retransmits":	0,
				"omitted":	false
			}
		}],
	"end":	{
		"streams":	[{
				"sender":	{
					"socket":	4,
					"start":	0,
					"end":	10.000075,
					"seconds":	10.000075,
					"bytes":	11919673561,
					"bits_per_second":	9.535667e+09,
					"retransmits":	0,
					"max_snd_cwnd":	1324452,
					"max_rtt":	869,
					"min_rtt":	842,
					"mean_rtt":	852
				},
				"receiver":	{
					"socket":	4,
					"start":	0,
					"end":	10.000075,
					"seconds":	10.000075,
					"bytes":	11916434783,
					"bits_per_second":	9.533076e+09
				}
			}],
		"sum_sent":	{
			"start":	0,
			"end":	10.000075,
			"seconds":	10.000075,
			"bytes":	11919673561,
			"bits_per_second":	9.535667e+09,
			"retransmits":	0
		},
		"sum_received":	{
			"start":	0,
			"end":	10.000075,
			"seconds":	10.000075,
			"bytes":	11916434783,
			"bits_per_second":	9.533076e+09
		},
		"cpu_utilization_percent":	{
			"host_total":	12.531597,
			"host_user":	0.666334,
			"host_system":	11.865243,
			"remote_total":	48.850710,
			"remote_user":	6.378603,
			"remote_system":	42.472100
		},
		"sender_tcp_congestion":	"cubic",
		"receiver_tcp_congestion":	"cubic"
	}
}
