{
	"start":	{
		"connected":	[{
				"socket":	5,
				"local_host":	"172.31.37.112",
				"local_port":	44758,
				"remote_host":	"10.100.13.195",
				"remote_port":	5201
			}],
		"version":	"iperf 3.9",
		"system_info":	"Linux iperf3-client-mtm7s 5.4.219-126.411.amzn2.x86_64 #1 SMP Wed Nov 2 17:44:17 UTC 2022 x86_64",
		"timestamp":	{
			"time":	"Sun, 27 Nov 2022 06:36:13 GMT",
			"timesecs":	1669530973
		},
		"connecting_to":	{
			"host":	"iperf3-server",
			"port":	5201
		},
		"cookie":	"r3jqrd5736uphvfyeo45dbveyzsf5u2h7bqs",
		"tcp_mss_default":	8949,
		"sock_bufsize":	0,
		"sndbuf_actual":	20480,
		"rcvbuf_actual":	131072,
		"test_start":	{
			"protocol":	"TCP",
			"num_streams":	1,
			"blksize":	131072,
			"omit":	0,
			"duration":	10,
			"bytes":	0,
			"blocks":	0,
			"reverse":	0,
			"tos":	0
		}
	},
	"intervals":	[{
			"streams":	[{
					"socket":	5,
					"start":	0,
					"end":	1.000068,
					"seconds":	1.0000679492950439,
					"bytes":	387762123,
					"bits_per_second":	3101886213.0185189,
					"retransmits":	35,
					"snd_cwnd":	966492,
					"rtt":	2665,
					"rttvar":	460,
					"pmtu":	9001,
					"omitted":	false,
					"sender":	true
				}],
			"sum":	{
				"start":	0,
				"end":	1.000068,
				"seconds":	1.0000679492950439,
				"bytes":	387762123,
				"bits_per_second":	3101886213.0185189,
				"retransmits":	35,
				"omitted":	false,
				"sender":	true
			}
		}, {
			"streams":	[{
					"socket":	5,
					"start":	1.000068,
					"end":	2.000125,
					"seconds":	1.0000569820404053,
					"bytes":	386662400,
					"bits_per_second":	3093122947.5432248,
					"retransmits":	13,
					"snd_cwnd":	1109676,
					"rtt":	2832,
					"rttvar":	377,
					"pmtu":	9001,
					"omitted":	false,
					"sender":	true
				}],
			"sum":	{
				"start":	1.000068,
				"end":	2.000125,
				"seconds":	1.0000569820404053,
				"bytes":	386662400,
				"bits_per_second":	3093122947.5432248,
				"retransmits":	13,
				"omitted":	false,
				"sender":	true
			}
		}, {
			"streams":	[{
					"socket":	5,
					"start":	2.000125,
					"end":	3.000067,
					"seconds":	0.99994200468063354,
					"bytes":	390594560,
					"bits_per_second":	3124937711.7605939,
					"retransmits":	16,
					"snd_cwnd":	1136523,
					"rtt":	2829,
					"rttvar":	481,
					"pmtu":	9001,
					"omitted":	false,
					"sender":	true
				}],
			"sum":	{
				"start":	2.000125,
				"end":	3.000067,
				"seconds":	0.99994200468063354,
				"bytes":	390594560,
				"bits_per_second":	3124937711.7605939,
				"retransmits":	16,
				"omitted":	false,
				"sender":	true
			}
		}, {
			"streams":	[{
					"socket":	5,
					"start":	3.000067,
					"end":	4.000071,
					"seconds":	1.0000040531158447,
					"bytes":	397148160,
					"bits_per_second":	3177172402.5521936,
					"retransmits":	29,
					"snd_cwnd":	975441,
					"rtt":	2537,
					"rttvar":	351,
					"pmtu":	9001,
					"omitted":	false,
					"sender":	true
				}],
			"sum":	{
				"start":	3.000067,
				"end":	4.000071,
				"seconds":	1.0000040531158447,
				"bytes":	397148160,
				"bits_per_second":	3177172402.5521936,
				"retransmits":	29,
				"omitted":	false,
				"sender":	true
			}
		}, {
			"streams":	[{
					"socket":	5,
					"start":	4.000071,
					"end":	5.000071,
					"seconds":	1,
					"bytes":	391905280,
					"bits_per_second":	3135242240,
					"retransmits":	23,
					"snd_cwnd":	984390,
					"rtt":	2321,
					"rttvar":	327,
					"pmtu":	9001,
					"omitted":	false,
					"sender":	true
				}],
			"sum":	{
				"start":	4.000071,
				"end":	5.000071,
				"seconds":	1,
				"bytes":	391905280,
				"bits_per_second":	3135242240,
				"retransmits":	23,
				"omitted":	false,
				"sender":	true
			}
		}, {
			"streams":	[{
					"socket":	5,
					"start":	5.000071,
					"end":	6.000331,
					"seconds":	1.00025999546051,
					"bytes":	390594560,
					"bits_per_second":	3123944268.6712584,
					"retransmits":	24,
					"snd_cwnd":	1136523,
					"rtt":	3240,
					"rttvar":	463,
					"pmtu":	9001,
					"omitted":	false,
					"sender":	true
				}],
			"sum":	{
				"start":	5.000071,
				"end":	6.000331,
				"seconds":	1.00025999546051,
				"bytes":	390594560,
				"bits_per_second":	3123944268.6712584,
				"retransmits":	24,
				"omitted":	false,
				"sender":	true
			}
		}, {
			"streams":	[{
					"socket":	5,
					"start":	6.000331,
					"end":	7.000073,
					"seconds":	0.99974197149276733,
					"bytes":	389283840,
					"bits_per_second":	3115074498.0226436,
					"retransmits":	26,
					"snd_cwnd":	841206,
					"rtt":	2119,
					"rttvar":	290,
					"pmtu":	9001,
					"omitted":	false,
					"sender":	true
				}],
			"sum":	{
				"start":	6.000331,
				"end":	7.000073,
				"seconds":	0.99974197149276733,
				"bytes":	389283840,
				"bits_per_second":	3115074498.0226436,
				"retransmits":	26,
				"omitted":	false,
				"sender":	true
			}
		}, {
			"streams":	[{
					"socket":	5,
					"start":	7.000073,
					"end":	8.000068,
					"seconds":	0.999994993209839,
					"bytes":	394526720,
					"bits_per_second":	3156229562.57912,
					"retransmits":	19,
					"snd_cwnd":	1002288,
					"rtt":	2323,
					"rttvar":	675,
					"pmtu":	9001,
					"omitted":	false,
					"sender":	true
				}],
			"sum":	{
				"start":	7.000073,
				"end":	8.000068,
				"seconds":	0.999994993209839,
				"bytes":	394526720,
				"bits_per_second":	3156229562.57912,
				"retransmits":	19,
				"omitted":	false,
				"sender":	true
			}
		}, {
			"streams":	[{
					"socket":	5,
					"start":	8.000068,
					"end":	9.000124,
					"seconds":	1.0000560283660889,
					"bytes":	389283840,
					"bits_per_second":	3114096242.275702,
					"retransmits":	7,
					"snd_cwnd":	1118625,
					"rtt":	3315,
					"rttvar":	625,
					"pmtu":	9001,
					"omitted":	false,
					"sender":	true
				}],
			"sum":	{
				"start":	8.000068,
				"end":	9.000124,
				"seconds":	1.0000560283660889,
				"bytes":	389283840,
				"bits_per_second":	3114096242.275702,
				"retransmits":	7,
				"omitted":	false,
				"sender":	true
			}
		}, {
			"streams":	[{
					"socket":	5,
					"start":	9.000124,
					"end":	10.000074,
					"seconds":	0.99994999170303345,
					"bytes":	391905280,
					"bits_per_second":	3135399035.9660993,
					"retransmits":	11,
					"snd_cwnd":	903849,
					"rtt":	2240,
					"rttvar":	213,
					"pmtu":	9001,
					"omitted":	false,
					"sender":	true
				}],
			"sum":	{
				"start":	9.000124,
				"end":	10.000074,
				"seconds":	0.99994999170303345,
				"bytes":	391905280,
				"bits_per_second":	3135399035.9660993,
				"retransmits":	11,
				"omitted":	false,
				"sender":	true
			}
		}],
	"end":	{
		"streams":	[{
				"sender":	{
					"socket":	5,
					"start":	0,
					"end":	10.000074,
					"seconds":	10.000074,
					"bytes":	3909666763,
					"bits_per_second":	3127710265.3440366,
					"retransmits":	203,
					"max_snd_cwnd":	1136523,
					"max_rtt":	3315,
					"min_rtt":	2119,
					"mean_rtt":	2642,
					"sender":	true
				},
				"receiver":	{
					"socket":	5,
					"start":	0,
					"end":	10.039696,
					"seconds":	10.000074,
					"bytes":	3905791127,
					"bits_per_second":	3112278401.2583652,
					"sender":	true
				}
			}],
		"sum_sent":	{
			"start":	0,
			"end":	10.000074,
			"seconds":	10.000074,
			"bytes":	3909666763,
			"bits_per_second":	3127710265.3440366,
			"retransmits":	203,
			"sender":	true
		},
		"sum_received":	{
			"start":	0,
			"end":	10.039696,
			"seconds":	10.039696,
			"bytes":	3905791127,
			"bits_per_second":	3112278401.2583652,
			"sender":	true
		},
		"cpu_utilization_percent":	{
			"host_total":	8.0352653479615768,
			"host_user":	0.27385805040916061,
			"host_system":	7.761417214915,
			"remote_total":	1.7432966588048266,
			"remote_user":	0.10173553405312956,
			"remote_system":	1.6415596362367069
		},
		"sender_tcp_congestion":	"cubic",
		"receiver_tcp_congestion":	"cubic"
	}
}