{
	"start":	{
		"connected":	[{
				"socket":	5,
				"local_host":	"172.31.54.223",
				"local_port":	54498,
				"remote_host":	"10.100.92.131",
				"remote_port":	5201
			}],
		"version":	"iperf 3.9",
		"system_info":	"Linux iperf3-client-59kx2 5.4.219-126.411.amzn2.x86_64 #1 SMP Wed Nov 2 17:44:17 UTC 2022 x86_64",
		"timestamp":	{
			"time":	"Mon, 28 Nov 2022 02:38:39 GMT",
			"timesecs":	1669603119
		},
		"connecting_to":	{
			"host":	"iperf3-server",
			"port":	5201
		},
		"cookie":	"7lxja65rzq5hrui5cecv7itexrgbf43m3mcx",
		"tcp_mss_default":	8949,
		"sock_bufsize":	0,
		"sndbuf_actual":	20480,
		"rcvbuf_actual":	131072,
		"test_start":	{
			"protocol":	"TCP",
			"num_streams":	1,
			"blksize":	131072,
			"omit":	0,
			"duration":	10,
			"bytes":	0,
			"blocks":	0,
			"reverse":	0,
			"tos":	0
		}
	},
	"intervals":	[{
			"streams":	[{
					"socket":	5,
					"start":	0,
					"end":	1.000065,
					"seconds":	1.0000649690628052,
					"bytes":	622615992,
					"bits_per_second":	4980604350.8031254,
					"retransmits":	0,
					"snd_cwnd":	3311130,
					"rtt":	4754,
					"rttvar":	91,
					"pmtu":	9001,
					"omitted":	false,
					"sender":	true
				}],
			"sum":	{
				"start":	0,
				"end":	1.000065,
				"seconds":	1.0000649690628052,
				"bytes":	622615992,
				"bits_per_second":	4980604350.8031254,
				"retransmits":	0,
				"omitted":	false,
				"sender":	true
			}
		}, {
			"streams":	[{
					"socket":	5,
					"start":	1.000065,
					"end":	2.000067,
					"seconds":	1.0000020265579224,
					"bytes":	619970560,
					"bits_per_second":	4959754428.77037,
					"retransmits":	4,
					"snd_cwnd":	3311130,
					"rtt":	4999,
					"rttvar":	43,
					"pmtu":	9001,
					"omitted":	false,
					"sender":	true
				}],
			"sum":	{
				"start":	1.000065,
				"end":	2.000067,
				"seconds":	1.0000020265579224,
				"bytes":	619970560,
				"bits_per_second":	4959754428.77037,
				"retransmits":	4,
				"omitted":	false,
				"sender":	true
			}
		}, {
			"streams":	[{
					"socket":	5,
					"start":	2.000067,
					"end":	3.000317,
					"seconds":	1.000249981880188,
					"bytes":	621281280,
					"bits_per_second":	4969008078.0179882,
					"retransmits":	0,
					"snd_cwnd":	3311130,
					"rtt":	4852,
					"rttvar":	94,
					"pmtu":	9001,
					"omitted":	false,
					"sender":	true
				}],
			"sum":	{
				"start":	2.000067,
				"end":	3.000317,
				"seconds":	1.000249981880188,
				"bytes":	621281280,
				"bits_per_second":	4969008078.0179882,
				"retransmits":	0,
				"omitted":	false,
				"sender":	true
			}
		}, {
			"streams":	[{
					"socket":	5,
					"start":	3.000317,
					"end":	4.000075,
					"seconds":	0.999758005142212,
					"bytes":	619970560,
					"bits_per_second":	4960965008.0216074,
					"retransmits":	0,
					"snd_cwnd":	3311130,
					"rtt":	4798,
					"rttvar":	120,
					"pmtu":	9001,
					"omitted":	false,
					"sender":	true
				}],
			"sum":	{
				"start":	3.000317,
				"end":	4.000075,
				"seconds":	0.999758005142212,
				"bytes":	619970560,
				"bits_per_second":	4960965008.0216074,
				"retransmits":	0,
				"omitted":	false,
				"sender":	true
			}
		}, {
			"streams":	[{
					"socket":	5,
					"start":	4.000075,
					"end":	5.000135,
					"seconds":	1.000059962272644,
					"bytes":	619970560,
					"bits_per_second":	4959467099.0816355,
					"retransmits":	0,
					"snd_cwnd":	3311130,
					"rtt":	4990,
					"rttvar":	43,
					"pmtu":	9001,
					"omitted":	false,
					"sender":	true
				}],
			"sum":	{
				"start":	4.000075,
				"end":	5.000135,
				"seconds":	1.000059962272644,
				"bytes":	619970560,
				"bits_per_second":	4959467099.0816355,
				"retransmits":	0,
				"omitted":	false,
				"sender":	true
			}
		}, {
			"streams":	[{
					"socket":	5,
					"start":	5.000135,
					"end":	6.000074,
					"seconds":	0.99993902444839478,
					"bytes":	608174080,
					"bits_per_second":	4865689328.09072,
					"retransmits":	0,
					"snd_cwnd":	3311130,
					"rtt":	5029,
					"rttvar":	38,
					"pmtu":	9001,
					"omitted":	false,
					"sender":	true
				}],
			"sum":	{
				"start":	5.000135,
				"end":	6.000074,
				"seconds":	0.99993902444839478,
				"bytes":	608174080,
				"bits_per_second":	4865689328.09072,
				"retransmits":	0,
				"omitted":	false,
				"sender":	true
			}
		}, {
			"streams":	[{
					"socket":	5,
					"start":	6.000074,
					"end":	7.000081,
					"seconds":	1.0000070333480835,
					"bytes":	621281280,
					"bits_per_second":	4970215282.7458668,
					"retransmits":	0,
					"snd_cwnd":	3311130,
					"rtt":	4728,
					"rttvar":	68,
					"pmtu":	9001,
					"omitted":	false,
					"sender":	true
				}],
			"sum":	{
				"start":	6.000074,
				"end":	7.000081,
				"seconds":	1.0000070333480835,
				"bytes":	621281280,
				"bits_per_second":	4970215282.7458668,
				"retransmits":	0,
				"omitted":	false,
				"sender":	true
			}
		}, {
			"streams":	[{
					"socket":	5,
					"start":	7.000081,
					"end":	8.000075,
					"seconds":	0.99999397993087769,
					"bytes":	619970560,
					"bits_per_second":	4959794338.30475,
					"retransmits":	0,
					"snd_cwnd":	3311130,
					"rtt":	5023,
					"rttvar":	47,
					"pmtu":	9001,
					"omitted":	false,
					"sender":	true
				}],
			"sum":	{
				"start":	7.000081,
				"end":	8.000075,
				"seconds":	0.99999397993087769,
				"bytes":	619970560,
				"bits_per_second":	4959794338.30475,
				"retransmits":	0,
				"omitted":	false,
				"sender":	true
			}
		}, {
			"streams":	[{
					"socket":	5,
					"start":	8.000075,
					"end":	9.000266,
					"seconds":	1.0001909732818604,
					"bytes":	621281280,
					"bits_per_second":	4969301236.2343636,
					"retransmits":	0,
					"snd_cwnd":	3311130,
					"rtt":	4885,
					"rttvar":	67,
					"pmtu":	9001,
					"omitted":	false,
					"sender":	true
				}],
			"sum":	{
				"start":	8.000075,
				"end":	9.000266,
				"seconds":	1.0001909732818604,
				"bytes":	621281280,
				"bits_per_second":	4969301236.2343636,
				"retransmits":	0,
				"omitted":	false,
				"sender":	true
			}
		}, {
			"streams":	[{
					"socket":	5,
					"start":	9.000266,
					"end":	10.00008,
					"seconds":	0.999813973903656,
					"bytes":	617349120,
					"bits_per_second":	4939711875.31723,
					"retransmits":	0,
					"snd_cwnd":	3311130,
					"rtt":	5014,
					"rttvar":	23,
					"pmtu":	9001,
					"omitted":	false,
					"sender":	true
				}],
			"sum":	{
				"start":	9.000266,
				"end":	10.00008,
				"seconds":	0.999813973903656,
				"bytes":	617349120,
				"bits_per_second":	4939711875.31723,
				"retransmits":	0,
				"omitted":	false,
				"sender":	true
			}
		}],
	"end":	{
		"streams":	[{
				"sender":	{
					"socket":	5,
					"start":	0,
					"end":	10.00008,
					"seconds":	10.00008,
					"bytes":	6191865272,
					"bits_per_second":	4953452589.97928,
					"retransmits":	4,
					"max_snd_cwnd":	3311130,
					"max_rtt":	5029,
					"min_rtt":	4728,
					"mean_rtt":	4907,
					"sender":	true
				},
				"receiver":	{
					"socket":	5,
					"start":	0,
					"end":	10.045753,
					"seconds":	10.00008,
					"bytes":	6189347085,
					"bits_per_second":	4928926351.2650576,
					"sender":	true
				}
			}],
		"sum_sent":	{
			"start":	0,
			"end":	10.00008,
			"seconds":	10.00008,
			"bytes":	6191865272,
			"bits_per_second":	4953452589.97928,
			"retransmits":	4,
			"sender":	true
		},
		"sum_received":	{
			"start":	0,
			"end":	10.045753,
			"seconds":	10.045753,
			"bytes":	6189347085,
			"bits_per_second":	4928926351.2650576,
			"sender":	true
		},
		"cpu_utilization_percent":	{
			"host_total":	14.598891124377843,
			"host_user":	0.6004906890552878,
			"host_system":	13.998400435322559,
			"remote_total":	34.511696942248449,
			"remote_user":	5.0295332034918685,
			"remote_system":	29.482168721161216
		},
		"sender_tcp_congestion":	"cubic",
		"receiver_tcp_congestion":	"cubic"
	}
}
