{
	"start":	{
		"connected":	[{
				"socket":	5,
				"local_host":	"172.31.31.28",
				"local_port":	46790,
				"remote_host":	"10.100.64.107",
				"remote_port":	5201
			}],
		"version":	"iperf 3.9",
		"system_info":	"Linux iperf3-client-hf7jl 5.4.219-126.411.amzn2.x86_64 #1 SMP Wed Nov 2 17:44:17 UTC 2022 x86_64",
		"timestamp":	{
			"time":	"Mon, 28 Nov 2022 04:14:29 GMT",
			"timesecs":	1669608869
		},
		"connecting_to":	{
			"host":	"iperf3-server",
			"port":	5201
		},
		"cookie":	"3dwjmjvnkctnvhrx4r6nkngm23qnjhbgz3jm",
		"tcp_mss_default":	8949,
		"sock_bufsize":	0,
		"sndbuf_actual":	20480,
		"rcvbuf_actual":	131072,
		"test_start":	{
			"protocol":	"TCP",
			"num_streams":	1,
			"blksize":	131072,
			"omit":	0,
			"duration":	10,
			"bytes":	0,
			"blocks":	0,
			"reverse":	0,
			"tos":	0
		}
	},
	"intervals":	[{
			"streams":	[{
					"socket":	5,
					"start":	0,
					"end":	1.00007,
					"seconds":	1.0000699758529663,
					"bytes":	1192659152,
					"bits_per_second":	9540605603.9850464,
					"retransmits":	0,
					"snd_cwnd":	3346926,
					"rtt":	2548,
					"rttvar":	45,
					"pmtu":	9001,
					"omitted":	false,
					"sender":	true
				}],
			"sum":	{
				"start":	0,
				"end":	1.00007,
				"seconds":	1.0000699758529663,
				"bytes":	1192659152,
				"bits_per_second":	9540605603.9850464,
				"retransmits":	0,
				"omitted":	false,
				"sender":	true
			}
		}, {
			"streams":	[{
					"socket":	5,
					"start":	1.00007,
					"end":	2.000068,
					"seconds":	0.99999797344207764,
					"bytes":	1191444480,
					"bits_per_second":	9531575156.2891464,
					"retransmits":	0,
					"snd_cwnd":	3346926,
					"rtt":	2511,
					"rttvar":	44,
					"pmtu":	9001,
					"omitted":	false,
					"sender":	true
				}],
			"sum":	{
				"start":	1.00007,
				"end":	2.000068,
				"seconds":	0.99999797344207764,
				"bytes":	1191444480,
				"bits_per_second":	9531575156.2891464,
				"retransmits":	0,
				"omitted":	false,
				"sender":	true
			}
		}, {
			"streams":	[{
					"socket":	5,
					"start":	2.000068,
					"end":	3.00013,
					"seconds":	1.0000619888305664,
					"bytes":	1184890880,
					"bits_per_second":	9478539476.42238,
					"retransmits":	0,
					"snd_cwnd":	3346926,
					"rtt":	2457,
					"rttvar":	42,
					"pmtu":	9001,
					"omitted":	false,
					"sender":	true
				}],
			"sum":	{
				"start":	2.000068,
				"end":	3.00013,
				"seconds":	1.0000619888305664,
				"bytes":	1184890880,
				"bits_per_second":	9478539476.42238,
				"retransmits":	0,
				"omitted":	false,
				"sender":	true
			}
		}, {
			"streams":	[{
					"socket":	5,
					"start":	3.00013,
					"end":	4.000107,
					"seconds":	0.9999769926071167,
					"bytes":	1190133760,
					"bits_per_second":	9521289140.04,
					"retransmits":	94,
					"snd_cwnd":	3167946,
					"rtt":	2528,
					"rttvar":	44,
					"pmtu":	9001,
					"omitted":	false,
					"sender":	true
				}],
			"sum":	{
				"start":	3.00013,
				"end":	4.000107,
				"seconds":	0.9999769926071167,
				"bytes":	1190133760,
				"bits_per_second":	9521289140.04,
				"retransmits":	94,
				"omitted":	false,
				"sender":	true
			}
		}, {
			"streams":	[{
					"socket":	5,
					"start":	4.000107,
					"end":	5.000166,
					"seconds":	1.0000590085983276,
					"bytes":	1191444480,
					"bits_per_second":	9530993429.43706,
					"retransmits":	0,
					"snd_cwnd":	3194793,
					"rtt":	2522,
					"rttvar":	26,
					"pmtu":	9001,
					"omitted":	false,
					"sender":	true
				}],
			"sum":	{
				"start":	4.000107,
				"end":	5.000166,
				"seconds":	1.0000590085983276,
				"bytes":	1191444480,
				"bits_per_second":	9530993429.43706,
				"retransmits":	0,
				"omitted":	false,
				"sender":	true
			}
		}, {
			"streams":	[{
					"socket":	5,
					"start":	5.000166,
					"end":	6.000598,
					"seconds":	1.000432014465332,
					"bytes":	1191444480,
					"bits_per_second":	9527439848.16801,
					"retransmits":	9,
					"snd_cwnd":	3194793,
					"rtt":	2486,
					"rttvar":	39,
					"pmtu":	9001,
					"omitted":	false,
					"sender":	true
				}],
			"sum":	{
				"start":	5.000166,
				"end":	6.000598,
				"seconds":	1.000432014465332,
				"bytes":	1191444480,
				"bits_per_second":	9527439848.16801,
				"retransmits":	9,
				"omitted":	false,
				"sender":	true
			}
		}, {
			"streams":	[{
					"socket":	5,
					"start":	6.000598,
					"end":	7.000067,
					"seconds":	0.999468982219696,
					"bytes":	1190133760,
					"bits_per_second":	9526128623.6766338,
					"retransmits":	9,
					"snd_cwnd":	3194793,
					"rtt":	2561,
					"rttvar":	31,
					"pmtu":	9001,
					"omitted":	false,
					"sender":	true
				}],
			"sum":	{
				"start":	6.000598,
				"end":	7.000067,
				"seconds":	0.999468982219696,
				"bytes":	1190133760,
				"bits_per_second":	9526128623.6766338,
				"retransmits":	9,
				"omitted":	false,
				"sender":	true
			}
		}, {
			"streams":	[{
					"socket":	5,
					"start":	7.000067,
					"end":	8.000066,
					"seconds":	0.99999898672103882,
					"bytes":	1191444480,
					"bits_per_second":	9531565498.1347866,
					"retransmits":	0,
					"snd_cwnd":	3194793,
					"rtt":	2504,
					"rttvar":	55,
					"pmtu":	9001,
					"omitted":	false,
					"sender":	true
				}],
			"sum":	{
				"start":	7.000067,
				"end":	8.000066,
				"seconds":	0.99999898672103882,
				"bytes":	1191444480,
				"bits_per_second":	9531565498.1347866,
				"retransmits":	0,
				"omitted":	false,
				"sender":	true
			}
		}, {
			"streams":	[{
					"socket":	5,
					"start":	8.000066,
					"end":	9.000142,
					"seconds":	1.0000760555267334,
					"bytes":	1191444480,
					"bits_per_second":	9530830967.63055,
					"retransmits":	0,
					"snd_cwnd":	3194793,
					"rtt":	2508,
					"rttvar":	37,
					"pmtu":	9001,
					"omitted":	false,
					"sender":	true
				}],
			"sum":	{
				"start":	8.000066,
				"end":	9.000142,
				"seconds":	1.0000760555267334,
				"bytes":	1191444480,
				"bits_per_second":	9530830967.63055,
				"retransmits":	0,
				"omitted":	false,
				"sender":	true
			}
		}, {
			"streams":	[{
					"socket":	5,
					"start":	9.000142,
					"end":	10.000081,
					"seconds":	0.99993902444839478,
					"bytes":	1190133760,
					"bits_per_second":	9521650667.9016666,
					"retransmits":	0,
					"snd_cwnd":	3194793,
					"rtt":	2555,
					"rttvar":	50,
					"pmtu":	9001,
					"omitted":	false,
					"sender":	true
				}],
			"sum":	{
				"start":	9.000142,
				"end":	10.000081,
				"seconds":	0.99993902444839478,
				"bytes":	1190133760,
				"bits_per_second":	9521650667.9016666,
				"retransmits":	0,
				"omitted":	false,
				"sender":	true
			}
		}],
	"end":	{
		"streams":	[{
				"sender":	{
					"socket":	5,
					"start":	0,
					"end":	10.000081,
					"seconds":	10.000081,
					"bytes":	11905173712,
					"bits_per_second":	9524061824.69922,
					"retransmits":	112,
					"max_snd_cwnd":	3346926,
					"max_rtt":	2561,
					"min_rtt":	2457,
					"mean_rtt":	2518,
					"sender":	true
				},
				"receiver":	{
					"socket":	5,
					"start":	0,
					"end":	10.038087,
					"seconds":	10.000081,
					"bytes":	11903288473,
					"bits_per_second":	9486499547.5731564,
					"sender":	true
				}
			}],
		"sum_sent":	{
			"start":	0,
			"end":	10.000081,
			"seconds":	10.000081,
			"bytes":	11905173712,
			"bits_per_second":	9524061824.69922,
			"retransmits":	112,
			"sender":	true
		},
		"sum_received":	{
			"start":	0,
			"end":	10.038087,
			"seconds":	10.038087,
			"bytes":	11903288473,
			"bits_per_second":	9486499547.5731564,
			"sender":	true
		},
		"cpu_utilization_percent":	{
			"host_total":	40.206166147783037,
			"host_user":	0.64142760396120879,
			"host_system":	39.564738543821832,
			"remote_total":	37.389589833261319,
			"remote_user":	2.5363830342886149,
			"remote_system":	34.8532117677035
		},
		"sender_tcp_congestion":	"cubic",
		"receiver_tcp_congestion":	"cubic"
	}
}
