{
	"start":	{
		"connected":	[{
				"socket":	5,
				"local_host":	"172.31.57.169",
				"local_port":	32996,
				"remote_host":	"10.100.242.179",
				"remote_port":	5201
			}],
		"version":	"iperf 3.9",
		"system_info":	"Linux iperf3-client-rdgf5 5.4.219-126.411.amzn2.x86_64 #1 SMP Wed Nov 2 17:44:17 UTC 2022 x86_64",
		"timestamp":	{
			"time":	"Mon, 28 Nov 2022 04:18:34 GMT",
			"timesecs":	1669609114
		},
		"connecting_to":	{
			"host":	"iperf3-server",
			"port":	5201
		},
		"cookie":	"y335vc6qukr5xiiprblgix22x7bzfy3ybl6e",
		"tcp_mss_default":	8949,
		"sock_bufsize":	0,
		"sndbuf_actual":	20480,
		"rcvbuf_actual":	131072,
		"test_start":	{
			"protocol":	"TCP",
			"num_streams":	1,
			"blksize":	131072,
			"omit":	0,
			"duration":	10,
			"bytes":	0,
			"blocks":	0,
			"reverse":	0,
			"tos":	0
		}
	},
	"intervals":	[{
			"streams":	[{
					"socket":	5,
					"start":	0,
					"end":	1.000065,
					"seconds":	1.0000649690628052,
					"bytes":	624207216,
					"bits_per_second":	4993333315.8141975,
					"retransmits":	5,
					"snd_cwnd":	3311130,
					"rtt":	4921,
					"rttvar":	130,
					"pmtu":	9001,
					"omitted":	false,
					"sender":	true
				}],
			"sum":	{
				"start":	0,
				"end":	1.000065,
				"seconds":	1.0000649690628052,
				"bytes":	624207216,
				"bits_per_second":	4993333315.8141975,
				"retransmits":	5,
				"omitted":	false,
				"sender":	true
			}
		}, {
			"streams":	[{
					"socket":	5,
					"start":	1.000065,
					"end":	2.000076,
					"seconds":	1.0000109672546387,
					"bytes":	619970560,
					"bits_per_second":	4959710085.5965576,
					"retransmits":	0,
					"snd_cwnd":	3311130,
					"rtt":	5001,
					"rttvar":	29,
					"pmtu":	9001,
					"omitted":	false,
					"sender":	true
				}],
			"sum":	{
				"start":	1.000065,
				"end":	2.000076,
				"seconds":	1.0000109672546387,
				"bytes":	619970560,
				"bits_per_second":	4959710085.5965576,
				"retransmits":	0,
				"omitted":	false,
				"sender":	true
			}
		}, {
			"streams":	[{
					"socket":	5,
					"start":	2.000076,
					"end":	3.000064,
					"seconds":	0.9999880194664,
					"bytes":	621281280,
					"bits_per_second":	4970309786.9634047,
					"retransmits":	5,
					"snd_cwnd":	3311130,
					"rtt":	4719,
					"rttvar":	90,
					"pmtu":	9001,
					"omitted":	false,
					"sender":	true
				}],
			"sum":	{
				"start":	2.000076,
				"end":	3.000064,
				"seconds":	0.9999880194664,
				"bytes":	621281280,
				"bits_per_second":	4970309786.9634047,
				"retransmits":	5,
				"omitted":	false,
				"sender":	true
			}
		}, {
			"streams":	[{
					"socket":	5,
					"start":	3.000064,
					"end":	4.000069,
					"seconds":	1.0000050067901611,
					"bytes":	619970560,
					"bits_per_second":	4959739647.62433,
					"retransmits":	0,
					"snd_cwnd":	3311130,
					"rtt":	4937,
					"rttvar":	148,
					"pmtu":	9001,
					"omitted":	false,
					"sender":	true
				}],
			"sum":	{
				"start":	3.000064,
				"end":	4.000069,
				"seconds":	1.0000050067901611,
				"bytes":	619970560,
				"bits_per_second":	4959739647.62433,
				"retransmits":	0,
				"omitted":	false,
				"sender":	true
			}
		}, {
			"streams":	[{
					"socket":	5,
					"start":	4.000069,
					"end":	5.000064,
					"seconds":	0.999994993209839,
					"bytes":	619970560,
					"bits_per_second":	4959789312.6243315,
					"retransmits":	0,
					"snd_cwnd":	3311130,
					"rtt":	5032,
					"rttvar":	28,
					"pmtu":	9001,
					"omitted":	false,
					"sender":	true
				}],
			"sum":	{
				"start":	4.000069,
				"end":	5.000064,
				"seconds":	0.999994993209839,
				"bytes":	619970560,
				"bits_per_second":	4959789312.6243315,
				"retransmits":	0,
				"omitted":	false,
				"sender":	true
			}
		}, {
			"streams":	[{
					"socket":	5,
					"start":	5.000064,
					"end":	6.000075,
					"seconds":	1.0000109672546387,
					"bytes":	621281280,
					"bits_per_second":	4970195730.5978184,
					"retransmits":	0,
					"snd_cwnd":	3311130,
					"rtt":	4666,
					"rttvar":	79,
					"pmtu":	9001,
					"omitted":	false,
					"sender":	true
				}],
			"sum":	{
				"start":	5.000064,
				"end":	6.000075,
				"seconds":	1.0000109672546387,
				"bytes":	621281280,
				"bits_per_second":	4970195730.5978184,
				"retransmits":	0,
				"omitted":	false,
				"sender":	true
			}
		}, {
			"streams":	[{
					"socket":	5,
					"start":	6.000075,
					"end":	7.000064,
					"seconds":	0.99998897314071655,
					"bytes":	619970560,
					"bits_per_second":	4959819171.2280722,
					"retransmits":	0,
					"snd_cwnd":	3311130,
					"rtt":	4983,
					"rttvar":	67,
					"pmtu":	9001,
					"omitted":	false,
					"sender":	true
				}],
			"sum":	{
				"start":	6.000075,
				"end":	7.000064,
				"seconds":	0.99998897314071655,
				"bytes":	619970560,
				"bits_per_second":	4959819171.2280722,
				"retransmits":	0,
				"omitted":	false,
				"sender":	true
			}
		}, {
			"streams":	[{
					"socket":	5,
					"start":	7.000064,
					"end":	8.000062,
					"seconds":	0.99999797344207764,
					"bytes":	619970560,
					"bits_per_second":	4959774531.27037,
					"retransmits":	0,
					"snd_cwnd":	3311130,
					"rtt":	5027,
					"rttvar":	19,
					"pmtu":	9001,
					"omitted":	false,
					"sender":	true
				}],
			"sum":	{
				"start":	7.000064,
				"end":	8.000062,
				"seconds":	0.99999797344207764,
				"bytes":	619970560,
				"bits_per_second":	4959774531.27037,
				"retransmits":	0,
				"omitted":	false,
				"sender":	true
			}
		}, {
			"streams":	[{
					"socket":	5,
					"start":	8.000062,
					"end":	9.000063,
					"seconds":	1.0000009536743164,
					"bytes":	618659840,
					"bits_per_second":	4949274000.0045,
					"retransmits":	0,
					"snd_cwnd":	3311130,
					"rtt":	4717,
					"rttvar":	46,
					"pmtu":	9001,
					"omitted":	false,
					"sender":	true
				}],
			"sum":	{
				"start":	8.000062,
				"end":	9.000063,
				"seconds":	1.0000009536743164,
				"bytes":	618659840,
				"bits_per_second":	4949274000.0045,
				"retransmits":	0,
				"omitted":	false,
				"sender":	true
			}
		}, {
			"streams":	[{
					"socket":	5,
					"start":	9.000063,
					"end":	10.000076,
					"seconds":	1.000012993812561,
					"bytes":	619970560,
					"bits_per_second":	4959700034.5873919,
					"retransmits":	0,
					"snd_cwnd":	3311130,
					"rtt":	4993,
					"rttvar":	45,
					"pmtu":	9001,
					"omitted":	false,
					"sender":	true
				}],
			"sum":	{
				"start":	9.000063,
				"end":	10.000076,
				"seconds":	1.000012993812561,
				"bytes":	619970560,
				"bits_per_second":	4959700034.5873919,
				"retransmits":	0,
				"omitted":	false,
				"sender":	true
			}
		}],
	"end":	{
		"streams":	[{
				"sender":	{
					"socket":	5,
					"start":	0,
					"end":	10.000076,
					"seconds":	10.000076,
					"bytes":	6205252976,
					"bits_per_second":	4964164653.1486359,
					"retransmits":	10,
					"max_snd_cwnd":	3311130,
					"max_rtt":	5032,
					"min_rtt":	4666,
					"mean_rtt":	4899,
					"sender":	true
				},
				"receiver":	{
					"socket":	5,
					"start":	0,
					"end":	10.044689,
					"seconds":	10.000076,
					"bytes":	6203927033,
					"bits_per_second":	4941060521.0375357,
					"sender":	true
				}
			}],
		"sum_sent":	{
			"start":	0,
			"end":	10.000076,
			"seconds":	10.000076,
			"bytes":	6205252976,
			"bits_per_second":	4964164653.1486359,
			"retransmits":	10,
			"sender":	true
		},
		"sum_received":	{
			"start":	0,
			"end":	10.044689,
			"seconds":	10.044689,
			"bytes":	6203927033,
			"bits_per_second":	4941060521.0375357,
			"sender":	true
		},
		"cpu_utilization_percent":	{
			"host_total":	9.52402382562241,
			"host_user":	0.58113836943632069,
			"host_system":	8.94289536882501,
			"remote_total":	24.354596191906332,
			"remote_user":	4.0506290726643837,
			"remote_system":	20.30396711924195
		},
		"sender_tcp_congestion":	"cubic",
		"receiver_tcp_congestion":	"cubic"
	}
}