{
	"start":	{
		"connected":	[{
				"socket":	5,
				"local_host":	"172.31.38.160",
				"local_port":	59680,
				"remote_host":	"10.100.43.152",
				"remote_port":	5201
			}],
		"version":	"iperf 3.9",
		"system_info":	"Linux iperf3-client-tc8zg 5.4.219-126.411.amzn2.x86_64 #1 SMP Wed Nov 2 17:44:17 UTC 2022 x86_64",
		"timestamp":	{
			"time":	"Mon, 28 Nov 2022 04:00:05 GMT",
			"timesecs":	1669608005
		},
		"connecting_to":	{
			"host":	"iperf3-server",
			"port":	5201
		},
		"cookie":	"jmdtscm2zzwsqglhxgdnccgohq2jf2fupdl5",
		"tcp_mss_default":	8949,
		"sock_bufsize":	0,
		"sndbuf_actual":	20480,
		"rcvbuf_actual":	131072,
		"test_start":	{
			"protocol":	"TCP",
			"num_streams":	1,
			"blksize":	131072,
			"omit":	0,
			"duration":	10,
			"bytes":	0,
			"blocks":	0,
			"reverse":	0,
			"tos":	0
		}
	},
	"intervals":	[{
			"streams":	[{
					"socket":	5,
					"start":	0,
					"end":	1.000067,
					"seconds":	1.0000669956207275,
					"bytes":	620395559,
					"bits_per_second":	4962831983.9906664,
					"retransmits":	0,
					"snd_cwnd":	3194793,
					"rtt":	4996,
					"rttvar":	58,
					"pmtu":	9001,
					"omitted":	false,
					"sender":	true
				}],
			"sum":	{
				"start":	0,
				"end":	1.000067,
				"seconds":	1.0000669956207275,
				"bytes":	620395559,
				"bits_per_second":	4962831983.9906664,
				"retransmits":	0,
				"omitted":	false,
				"sender":	true
			}
		}, {
			"streams":	[{
					"socket":	5,
					"start":	1.000067,
					"end":	2.000069,
					"seconds":	1.0000020265579224,
					"bytes":	619970560,
					"bits_per_second":	4959754428.77037,
					"retransmits":	0,
					"snd_cwnd":	3194793,
					"rtt":	5021,
					"rttvar":	24,
					"pmtu":	9001,
					"omitted":	false,
					"sender":	true
				}],
			"sum":	{
				"start":	1.000067,
				"end":	2.000069,
				"seconds":	1.0000020265579224,
				"bytes":	619970560,
				"bits_per_second":	4959754428.77037,
				"retransmits":	0,
				"omitted":	false,
				"sender":	true
			}
		}, {
			"streams":	[{
					"socket":	5,
					"start":	2.000069,
					"end":	3.000065,
					"seconds":	0.9999960064888,
					"bytes":	621281280,
					"bits_per_second":	4970270088.8292665,
					"retransmits":	17,
					"snd_cwnd":	3194793,
					"rtt":	4705,
					"rttvar":	76,
					"pmtu":	9001,
					"omitted":	false,
					"sender":	true
				}],
			"sum":	{
				"start":	2.000069,
				"end":	3.000065,
				"seconds":	0.9999960064888,
				"bytes":	621281280,
				"bits_per_second":	4970270088.8292665,
				"retransmits":	17,
				"omitted":	false,
				"sender":	true
			}
		}, {
			"streams":	[{
					"socket":	5,
					"start":	3.000065,
					"end":	4.000069,
					"seconds":	1.0000040531158447,
					"bytes":	619970560,
					"bits_per_second":	4959744377.5814772,
					"retransmits":	0,
					"snd_cwnd":	3194793,
					"rtt":	4994,
					"rttvar":	80,
					"pmtu":	9001,
					"omitted":	false,
					"sender":	true
				}],
			"sum":	{
				"start":	3.000065,
				"end":	4.000069,
				"seconds":	1.0000040531158447,
				"bytes":	619970560,
				"bits_per_second":	4959744377.5814772,
				"retransmits":	0,
				"omitted":	false,
				"sender":	true
			}
		}, {
			"streams":	[{
					"socket":	5,
					"start":	4.000069,
					"end":	5.000076,
					"seconds":	1.0000070333480835,
					"bytes":	619970560,
					"bits_per_second":	4959729596.495348,
					"retransmits":	0,
					"snd_cwnd":	3194793,
					"rtt":	5022,
					"rttvar":	22,
					"pmtu":	9001,
					"omitted":	false,
					"sender":	true
				}],
			"sum":	{
				"start":	4.000069,
				"end":	5.000076,
				"seconds":	1.0000070333480835,
				"bytes":	619970560,
				"bits_per_second":	4959729596.495348,
				"retransmits":	0,
				"omitted":	false,
				"sender":	true
			}
		}, {
			"streams":	[{
					"socket":	5,
					"start":	5.000076,
					"end":	6.000068,
					"seconds":	0.9999920129776,
					"bytes":	621281280,
					"bits_per_second":	4970289937.8170671,
					"retransmits":	0,
					"snd_cwnd":	3194793,
					"rtt":	4776,
					"rttvar":	127,
					"pmtu":	9001,
					"omitted":	false,
					"sender":	true
				}],
			"sum":	{
				"start":	5.000076,
				"end":	6.000068,
				"seconds":	0.9999920129776,
				"bytes":	621281280,
				"bits_per_second":	4970289937.8170671,
				"retransmits":	0,
				"omitted":	false,
				"sender":	true
			}
		}, {
			"streams":	[{
					"socket":	5,
					"start":	6.000068,
					"end":	7.000076,
					"seconds":	1.0000079870224,
					"bytes":	619970560,
					"bits_per_second":	4959724866.5663939,
					"retransmits":	0,
					"snd_cwnd":	3194793,
					"rtt":	5002,
					"rttvar":	44,
					"pmtu":	9001,
					"omitted":	false,
					"sender":	true
				}],
			"sum":	{
				"start":	6.000068,
				"end":	7.000076,
				"seconds":	1.0000079870224,
				"bytes":	619970560,
				"bits_per_second":	4959724866.5663939,
				"retransmits":	0,
				"omitted":	false,
				"sender":	true
			}
		}, {
			"streams":	[{
					"socket":	5,
					"start":	7.000076,
					"end":	8.000359,
					"seconds":	1.0002830028533936,
					"bytes":	621281280,
					"bits_per_second":	4968844042.9577751,
					"retransmits":	0,
					"snd_cwnd":	3194793,
					"rtt":	4904,
					"rttvar":	59,
					"pmtu":	9001,
					"omitted":	false,
					"sender":	true
				}],
			"sum":	{
				"start":	7.000076,
				"end":	8.000359,
				"seconds":	1.0002830028533936,
				"bytes":	621281280,
				"bits_per_second":	4968844042.9577751,
				"retransmits":	0,
				"omitted":	false,
				"sender":	true
			}
		}, {
			"streams":	[{
					"socket":	5,
					"start":	8.000359,
					"end":	9.00008,
					"seconds":	0.9997209906578064,
					"bytes":	619970560,
					"bits_per_second":	4961148686.8316374,
					"retransmits":	0,
					"snd_cwnd":	3194793,
					"rtt":	4792,
					"rttvar":	106,
					"pmtu":	9001,
					"omitted":	false,
					"sender":	true
				}],
			"sum":	{
				"start":	8.000359,
				"end":	9.00008,
				"seconds":	0.9997209906578064,
				"bytes":	619970560,
				"bits_per_second":	4961148686.8316374,
				"retransmits":	0,
				"omitted":	false,
				"sender":	true
			}
		}, {
			"streams":	[{
					"socket":	5,
					"start":	9.00008,
					"end":	10.000089,
					"seconds":	1.0000089406967163,
					"bytes":	619970560,
					"bits_per_second":	4959720136.64646,
					"retransmits":	0,
					"snd_cwnd":	3194793,
					"rtt":	5013,
					"rttvar":	39,
					"pmtu":	9001,
					"omitted":	false,
					"sender":	true
				}],
			"sum":	{
				"start":	9.00008,
				"end":	10.000089,
				"seconds":	1.0000089406967163,
				"bytes":	619970560,
				"bits_per_second":	4959720136.64646,
				"retransmits":	0,
				"omitted":	false,
				"sender":	true
			}
		}],
	"end":	{
		"streams":	[{
				"sender":	{
					"socket":	5,
					"start":	0,
					"end":	10.000089,
					"seconds":	10.000089,
					"bytes":	6204062759,
					"bits_per_second":	4963206034.6662922,
					"retransmits":	17,
					"max_snd_cwnd":	3194793,
					"max_rtt":	5022,
					"min_rtt":	4705,
					"mean_rtt":	4922,
					"sender":	true
				},
				"receiver":	{
					"socket":	5,
					"start":	0,
					"end":	10.039866,
					"seconds":	10.000089,
					"bytes":	6201269381,
					"bits_per_second":	4941316452.6299458,
					"sender":	true
				}
			}],
		"sum_sent":	{
			"start":	0,
			"end":	10.000089,
			"seconds":	10.000089,
			"bytes":	6204062759,
			"bits_per_second":	4963206034.6662922,
			"retransmits":	17,
			"sender":	true
		},
		"sum_received":	{
			"start":	0,
			"end":	10.039866,
			"seconds":	10.039866,
			"bytes":	6201269381,
			"bits_per_second":	4941316452.6299458,
			"sender":	true
		},
		"cpu_utilization_percent":	{
			"host_total":	13.441840854776043,
			"host_user":	0.39630316637069829,
			"host_system":	13.045527774878071,
			"remote_total":	10.185411190921794,
			"remote_user":	1.5009676823722238,
			"remote_system":	8.68445205698042
		},
		"sender_tcp_congestion":	"cubic",
		"receiver_tcp_congestion":	"cubic"
	}
}