{
	"start":	{
		"connected":	[{
				"socket":	5,
				"local_host":	"172.31.35.80",
				"local_port":	53978,
				"remote_host":	"10.100.52.158",
				"remote_port":	5201
			}],
		"version":	"iperf 3.9",
		"system_info":	"Linux iperf3-client-vrfkk 5.4.219-126.411.amzn2.x86_64 #1 SMP Wed Nov 2 17:44:17 UTC 2022 x86_64",
		"timestamp":	{
			"time":	"Mon, 28 Nov 2022 04:04:50 GMT",
			"timesecs":	1669608290
		},
		"connecting_to":	{
			"host":	"iperf3-server",
			"port":	5201
		},
		"cookie":	"2b6rrj6bbn3eazhor7rwupv72d7txiqhwusq",
		"tcp_mss_default":	8949,
		"sock_bufsize":	0,
		"sndbuf_actual":	20480,
		"rcvbuf_actual":	131072,
		"test_start":	{
			"protocol":	"TCP",
			"num_streams":	1,
			"blksize":	131072,
			"omit":	0,
			"duration":	10,
			"bytes":	0,
			"blocks":	0,
			"reverse":	0,
			"tos":	0
		}
	},
	"intervals":	[{
			"streams":	[{
					"socket":	5,
					"start":	0,
					"end":	1.000073,
					"seconds":	1.0000729560852051,
					"bytes":	620144987,
					"bits_per_second":	4960797975.6002073,
					"retransmits":	0,
					"snd_cwnd":	3284283,
					"rtt":	5023,
					"rttvar":	32,
					"pmtu":	9001,
					"omitted":	false,
					"sender":	true
				}],
			"sum":	{
				"start":	0,
				"end":	1.000073,
				"seconds":	1.0000729560852051,
				"bytes":	620144987,
				"bits_per_second":	4960797975.6002073,
				"retransmits":	0,
				"omitted":	false,
				"sender":	true
			}
		}, {
			"streams":	[{
					"socket":	5,
					"start":	1.000073,
					"end":	2.000087,
					"seconds":	1.0000139474868774,
					"bytes":	619970560,
					"bits_per_second":	4959695304.7148218,
					"retransmits":	0,
					"snd_cwnd":	3284283,
					"rtt":	5005,
					"rttvar":	28,
					"pmtu":	9001,
					"omitted":	false,
					"sender":	true
				}],
			"sum":	{
				"start":	1.000073,
				"end":	2.000087,
				"seconds":	1.0000139474868774,
				"bytes":	619970560,
				"bits_per_second":	4959695304.7148218,
				"retransmits":	0,
				"omitted":	false,
				"sender":	true
			}
		}, {
			"streams":	[{
					"socket":	5,
					"start":	2.000087,
					"end":	3.000183,
					"seconds":	1.0000959634780884,
					"bytes":	621281280,
					"bits_per_second":	4969773323.2665882,
					"retransmits":	0,
					"snd_cwnd":	3284283,
					"rtt":	4952,
					"rttvar":	53,
					"pmtu":	9001,
					"omitted":	false,
					"sender":	true
				}],
			"sum":	{
				"start":	2.000087,
				"end":	3.000183,
				"seconds":	1.0000959634780884,
				"bytes":	621281280,
				"bits_per_second":	4969773323.2665882,
				"retransmits":	0,
				"omitted":	false,
				"sender":	true
			}
		}, {
			"streams":	[{
					"socket":	5,
					"start":	3.000183,
					"end":	4.000063,
					"seconds":	0.999880015850067,
					"bytes":	619970560,
					"bits_per_second":	4960359644.53531,
					"retransmits":	0,
					"snd_cwnd":	3284283,
					"rtt":	4787,
					"rttvar":	120,
					"pmtu":	9001,
					"omitted":	false,
					"sender":	true
				}],
			"sum":	{
				"start":	3.000183,
				"end":	4.000063,
				"seconds":	0.999880015850067,
				"bytes":	619970560,
				"bits_per_second":	4960359644.53531,
				"retransmits":	0,
				"omitted":	false,
				"sender":	true
			}
		}, {
			"streams":	[{
					"socket":	5,
					"start":	4.000063,
					"end":	5.000068,
					"seconds":	1.0000050067901611,
					"bytes":	619970560,
					"bits_per_second":	4959739647.62433,
					"retransmits":	0,
					"snd_cwnd":	3284283,
					"rtt":	5028,
					"rttvar":	29,
					"pmtu":	9001,
					"omitted":	false,
					"sender":	true
				}],
			"sum":	{
				"start":	4.000063,
				"end":	5.000068,
				"seconds":	1.0000050067901611,
				"bytes":	619970560,
				"bits_per_second":	4959739647.62433,
				"retransmits":	0,
				"omitted":	false,
				"sender":	true
			}
		}, {
			"streams":	[{
					"socket":	5,
					"start":	5.000068,
					"end":	6.000066,
					"seconds":	0.99999797344207764,
					"bytes":	618659840,
					"bits_per_second":	4949288750.0203266,
					"retransmits":	0,
					"snd_cwnd":	3284283,
					"rtt":	5029,
					"rttvar":	24,
					"pmtu":	9001,
					"omitted":	false,
					"sender":	true
				}],
			"sum":	{
				"start":	5.000068,
				"end":	6.000066,
				"seconds":	0.99999797344207764,
				"bytes":	618659840,
				"bits_per_second":	4949288750.0203266,
				"retransmits":	0,
				"omitted":	false,
				"sender":	true
			}
		}, {
			"streams":	[{
					"socket":	5,
					"start":	6.000066,
					"end":	7.000092,
					"seconds":	1.0000259876251221,
					"bytes":	621281280,
					"bits_per_second":	4970121078.3566046,
					"retransmits":	0,
					"snd_cwnd":	3284283,
					"rtt":	4737,
					"rttvar":	66,
					"pmtu":	9001,
					"omitted":	false,
					"sender":	true
				}],
			"sum":	{
				"start":	6.000066,
				"end":	7.000092,
				"seconds":	1.0000259876251221,
				"bytes":	621281280,
				"bits_per_second":	4970121078.3566046,
				"retransmits":	0,
				"omitted":	false,
				"sender":	true
			}
		}, {
			"streams":	[{
					"socket":	5,
					"start":	7.000092,
					"end":	8.000068,
					"seconds":	0.99997597932815552,
					"bytes":	618659840,
					"bits_per_second":	4949397607.8557663,
					"retransmits":	0,
					"snd_cwnd":	3284283,
					"rtt":	5025,
					"rttvar":	36,
					"pmtu":	9001,
					"omitted":	false,
					"sender":	true
				}],
			"sum":	{
				"start":	7.000092,
				"end":	8.000068,
				"seconds":	0.99997597932815552,
				"bytes":	618659840,
				"bits_per_second":	4949397607.8557663,
				"retransmits":	0,
				"omitted":	false,
				"sender":	true
			}
		}, {
			"streams":	[{
					"socket":	5,
					"start":	8.000068,
					"end":	9.000065,
					"seconds":	0.99999701976776123,
					"bytes":	621281280,
					"bits_per_second":	4970265052.5441446,
					"retransmits":	0,
					"snd_cwnd":	3284283,
					"rtt":	4756,
					"rttvar":	84,
					"pmtu":	9001,
					"omitted":	false,
					"sender":	true
				}],
			"sum":	{
				"start":	8.000068,
				"end":	9.000065,
				"seconds":	0.99999701976776123,
				"bytes":	621281280,
				"bits_per_second":	4970265052.5441446,
				"retransmits":	0,
				"omitted":	false,
				"sender":	true
			}
		}, {
			"streams":	[{
					"socket":	5,
					"start":	9.000065,
					"end":	10.000072,
					"seconds":	1.0000070333480835,
					"bytes":	619970560,
					"bits_per_second":	4959729596.495348,
					"retransmits":	0,
					"snd_cwnd":	3284283,
					"rtt":	4990,
					"rttvar":	179,
					"pmtu":	9001,
					"omitted":	false,
					"sender":	true
				}],
			"sum":	{
				"start":	9.000065,
				"end":	10.000072,
				"seconds":	1.0000070333480835,
				"bytes":	619970560,
				"bits_per_second":	4959729596.495348,
				"retransmits":	0,
				"omitted":	false,
				"sender":	true
			}
		}],
	"end":	{
		"streams":	[{
				"sender":	{
					"socket":	5,
					"start":	0,
					"end":	10.000072,
					"seconds":	10.000072,
					"bytes":	6201190747,
					"bits_per_second":	4960916878.99847,
					"retransmits":	0,
					"max_snd_cwnd":	3284283,
					"max_rtt":	5029,
					"min_rtt":	4737,
					"mean_rtt":	4933,
					"sender":	true
				},
				"receiver":	{
					"socket":	5,
					"start":	0,
					"end":	10.039206,
					"seconds":	10.000072,
					"bytes":	6198067850,
					"bits_per_second":	4939090083.4189472,
					"sender":	true
				}
			}],
		"sum_sent":	{
			"start":	0,
			"end":	10.000072,
			"seconds":	10.000072,
			"bytes":	6201190747,
			"bits_per_second":	4960916878.99847,
			"retransmits":	0,
			"sender":	true
		},
		"sum_received":	{
			"start":	0,
			"end":	10.039206,
			"seconds":	10.039206,
			"bytes":	6198067850,
			"bits_per_second":	4939090083.4189472,
			"sender":	true
		},
		"cpu_utilization_percent":	{
			"host_total":	13.056443290611982,
			"host_user":	0.59314881731676838,
			"host_system":	12.463284557237616,
			"remote_total":	7.23940682234582,
			"remote_user":	1.06093546925546,
			"remote_system":	6.17847135309036
		},
		"sender_tcp_congestion":	"cubic",
		"receiver_tcp_congestion":	"cubic"
	}
}
