{
	"start":	{
		"connected":	[{
				"socket":	5,
				"local_host":	"172.31.2.96",
				"local_port":	32926,
				"remote_host":	"10.100.38.20",
				"remote_port":	5201
			}],
		"version":	"iperf 3.9",
		"system_info":	"Linux iperf3-client-gms5z 5.4.219-126.411.amzn2.x86_64 #1 SMP Wed Nov 2 17:44:17 UTC 2022 x86_64",
		"timestamp":	{
			"time":	"Mon, 28 Nov 2022 04:28:50 GMT",
			"timesecs":	1669609730
		},
		"connecting_to":	{
			"host":	"iperf3-server",
			"port":	5201
		},
		"cookie":	"wxjeyswfaiw4h6h7ej5pzidusbjisui7p4ug",
		"tcp_mss_default":	8949,
		"sock_bufsize":	0,
		"sndbuf_actual":	20480,
		"rcvbuf_actual":	131072,
		"test_start":	{
			"protocol":	"TCP",
			"num_streams":	1,
			"blksize":	131072,
			"omit":	0,
			"duration":	10,
			"bytes":	0,
			"blocks":	0,
			"reverse":	0,
			"tos":	0
		}
	},
	"intervals":	[{
			"streams":	[{
					"socket":	5,
					"start":	0,
					"end":	1.000081,
					"seconds":	1.000080943107605,
					"bytes":	1195277197,
					"bits_per_second":	9561443643.0383434,
					"retransmits":	0,
					"snd_cwnd":	3311130,
					"rtt":	2598,
					"rttvar":	21,
					"pmtu":	9001,
					"omitted":	false,
					"sender":	true
				}],
			"sum":	{
				"start":	0,
				"end":	1.000081,
				"seconds":	1.000080943107605,
				"bytes":	1195277197,
				"bits_per_second":	9561443643.0383434,
				"retransmits":	0,
				"omitted":	false,
				"sender":	true
			}
		}, {
			"streams":	[{
					"socket":	5,
					"start":	1.000081,
					"end":	2.000083,
					"seconds":	1.0000020265579224,
					"bytes":	1187512320,
					"bits_per_second":	9500079307.5390167,
					"retransmits":	2,
					"snd_cwnd":	3311130,
					"rtt":	2609,
					"rttvar":	27,
					"pmtu":	9001,
					"omitted":	false,
					"sender":	true
				}],
			"sum":	{
				"start":	1.000081,
				"end":	2.000083,
				"seconds":	1.0000020265579224,
				"bytes":	1187512320,
				"bits_per_second":	9500079307.5390167,
				"retransmits":	2,
				"omitted":	false,
				"sender":	true
			}
		}, {
			"streams":	[{
					"socket":	5,
					"start":	2.000083,
					"end":	3.000066,
					"seconds":	0.999983012676239,
					"bytes":	1190133760,
					"bits_per_second":	9521231820.2475338,
					"retransmits":	83,
					"snd_cwnd":	2326740,
					"rtt":	1921,
					"rttvar":	16,
					"pmtu":	9001,
					"omitted":	false,
					"sender":	true
				}],
			"sum":	{
				"start":	2.000083,
				"end":	3.000066,
				"seconds":	0.999983012676239,
				"bytes":	1190133760,
				"bits_per_second":	9521231820.2475338,
				"retransmits":	83,
				"omitted":	false,
				"sender":	true
			}
		}, {
			"streams":	[{
					"socket":	5,
					"start":	3.000066,
					"end":	4.000069,
					"seconds":	1.0000029802322388,
					"bytes":	1191444480,
					"bits_per_second":	9531527433.83466,
					"retransmits":	0,
					"snd_cwnd":	3212691,
					"rtt":	2600,
					"rttvar":	37,
					"pmtu":	9001,
					"omitted":	false,
					"sender":	true
				}],
			"sum":	{
				"start":	3.000066,
				"end":	4.000069,
				"seconds":	1.0000029802322388,
				"bytes":	1191444480,
				"bits_per_second":	9531527433.83466,
				"retransmits":	0,
				"omitted":	false,
				"sender":	true
			}
		}, {
			"streams":	[{
					"socket":	5,
					"start":	4.000069,
					"end":	5.000072,
					"seconds":	1.0000029802322388,
					"bytes":	1191444480,
					"bits_per_second":	9531527433.83466,
					"retransmits":	0,
					"snd_cwnd":	3212691,
					"rtt":	2526,
					"rttvar":	70,
					"pmtu":	9001,
					"omitted":	false,
					"sender":	true
				}],
			"sum":	{
				"start":	4.000069,
				"end":	5.000072,
				"seconds":	1.0000029802322388,
				"bytes":	1191444480,
				"bits_per_second":	9531527433.83466,
				"retransmits":	0,
				"omitted":	false,
				"sender":	true
			}
		}, {
			"streams":	[{
					"socket":	5,
					"start":	5.000072,
					"end":	6.000074,
					"seconds":	1.0000020265579224,
					"bytes":	1190133760,
					"bits_per_second":	9521050785.0391,
					"retransmits":	7,
					"snd_cwnd":	3212691,
					"rtt":	2611,
					"rttvar":	20,
					"pmtu":	9001,
					"omitted":	false,
					"sender":	true
				}],
			"sum":	{
				"start":	5.000072,
				"end":	6.000074,
				"seconds":	1.0000020265579224,
				"bytes":	1190133760,
				"bits_per_second":	9521050785.0391,
				"retransmits":	7,
				"omitted":	false,
				"sender":	true
			}
		}, {
			"streams":	[{
					"socket":	5,
					"start":	6.000074,
					"end":	7.000075,
					"seconds":	1.0000009536743164,
					"bytes":	1191444480,
					"bits_per_second":	9531546750.00867,
					"retransmits":	0,
					"snd_cwnd":	3212691,
					"rtt":	2581,
					"rttvar":	47,
					"pmtu":	9001,
					"omitted":	false,
					"sender":	true
				}],
			"sum":	{
				"start":	6.000074,
				"end":	7.000075,
				"seconds":	1.0000009536743164,
				"bytes":	1191444480,
				"bits_per_second":	9531546750.00867,
				"retransmits":	0,
				"omitted":	false,
				"sender":	true
			}
		}, {
			"streams":	[{
					"socket":	5,
					"start":	7.000075,
					"end":	8.000248,
					"seconds":	1.0001729726791382,
					"bytes":	1183580160,
					"bits_per_second":	9467003746.99847,
					"retransmits":	0,
					"snd_cwnd":	3212691,
					"rtt":	2472,
					"rttvar":	45,
					"pmtu":	9001,
					"omitted":	false,
					"sender":	true
				}],
			"sum":	{
				"start":	7.000075,
				"end":	8.000248,
				"seconds":	1.0001729726791382,
				"bytes":	1183580160,
				"bits_per_second":	9467003746.99847,
				"retransmits":	0,
				"omitted":	false,
				"sender":	true
			}
		}, {
			"streams":	[{
					"socket":	5,
					"start":	8.000248,
					"end":	9.000064,
					"seconds":	0.99981600046157837,
					"bytes":	1190133760,
					"bits_per_second":	9522822274.9030533,
					"retransmits":	0,
					"snd_cwnd":	3212691,
					"rtt":	2623,
					"rttvar":	22,
					"pmtu":	9001,
					"omitted":	false,
					"sender":	true
				}],
			"sum":	{
				"start":	8.000248,
				"end":	9.000064,
				"seconds":	0.99981600046157837,
				"bytes":	1190133760,
				"bits_per_second":	9522822274.9030533,
				"retransmits":	0,
				"omitted":	false,
				"sender":	true
			}
		}, {
			"streams":	[{
					"socket":	5,
					"start":	9.000064,
					"end":	10.000075,
					"seconds":	1.0000109672546387,
					"bytes":	1191444480,
					"bits_per_second":	9531451306.14645,
					"retransmits":	0,
					"snd_cwnd":	3212691,
					"rtt":	2595,
					"rttvar":	45,
					"pmtu":	9001,
					"omitted":	false,
					"sender":	true
				}],
			"sum":	{
				"start":	9.000064,
				"end":	10.000075,
				"seconds":	1.0000109672546387,
				"bytes":	1191444480,
				"bits_per_second":	9531451306.14645,
				"retransmits":	0,
				"omitted":	false,
				"sender":	true
			}
		}],
	"end":	{
		"streams":	[{
				"sender":	{
					"socket":	5,
					"start":	0,
					"end":	10.000075,
					"seconds":	10.000075,
					"bytes":	11902548877,
					"bits_per_second":	9521967686.84235,
					"retransmits":	92,
					"max_snd_cwnd":	3311130,
					"max_rtt":	2623,
					"min_rtt":	1921,
					"mean_rtt":	2513,
					"sender":	true
				},
				"receiver":	{
					"socket":	5,
					"start":	0,
					"end":	10.032839,
					"seconds":	10.000075,
					"bytes":	11900931383,
					"bits_per_second":	9489582267.1927662,
					"sender":	true
				}
			}],
		"sum_sent":	{
			"start":	0,
			"end":	10.000075,
			"seconds":	10.000075,
			"bytes":	11902548877,
			"bits_per_second":	9521967686.84235,
			"retransmits":	92,
			"sender":	true
		},
		"sum_received":	{
			"start":	0,
			"end":	10.032839,
			"seconds":	10.032839,
			"bytes":	11900931383,
			"bits_per_second":	9489582267.1927662,
			"sender":	true
		},
		"cpu_utilization_percent":	{
			"host_total":	24.613074358786694,
			"host_user":	0.500829972880346,
			"host_system":	24.112254303135174,
			"remote_total":	8.3957560723756668,
			"remote_user":	0.58152036367240778,
			"remote_system":	7.8142346287157327
		},
		"sender_tcp_congestion":	"cubic",
		"receiver_tcp_congestion":	"cubic"
	}
}
