{
	"start":	{
		"connected":	[{
				"socket":	5,
				"local_host":	"172.31.39.90",
				"local_port":	46436,
				"remote_host":	"10.100.178.159",
				"remote_port":	5201
			}],
		"version":	"iperf 3.9",
		"system_info":	"Linux iperf3-client-8f4w6 5.4.219-126.411.amzn2.x86_64 #1 SMP Wed Nov 2 17:44:17 UTC 2022 x86_64",
		"timestamp":	{
			"time":	"Mon, 28 Nov 2022 04:36:00 GMT",
			"timesecs":	1669610160
		},
		"connecting_to":	{
			"host":	"iperf3-server",
			"port":	5201
		},
		"cookie":	"svgo2ttmo54nalodaozyzj2mzhtqj5u4hnpv",
		"tcp_mss_default":	8949,
		"sock_bufsize":	0,
		"sndbuf_actual":	20480,
		"rcvbuf_actual":	131072,
		"test_start":	{
			"protocol":	"TCP",
			"num_streams":	1,
			"blksize":	131072,
			"omit":	0,
			"duration":	10,
			"bytes":	0,
			"blocks":	0,
			"reverse":	0,
			"tos":	0
		}
	},
	"intervals":	[{
			"streams":	[{
					"socket":	5,
					"start":	0,
					"end":	1.000066,
					"seconds":	1.0000660419464111,
					"bytes":	1194865543,
					"bits_per_second":	9558293095.71959,
					"retransmits":	0,
					"snd_cwnd":	3257436,
					"rtt":	2539,
					"rttvar":	64,
					"pmtu":	9001,
					"omitted":	false,
					"sender":	true
				}],
			"sum":	{
				"start":	0,
				"end":	1.000066,
				"seconds":	1.0000660419464111,
				"bytes":	1194865543,
				"bits_per_second":	9558293095.71959,
				"retransmits":	0,
				"omitted":	false,
				"sender":	true
			}
		}, {
			"streams":	[{
					"socket":	5,
					"start":	1.000066,
					"end":	2.000064,
					"seconds":	0.99999797344207764,
					"bytes":	1191444480,
					"bits_per_second":	9531575156.2891464,
					"retransmits":	2,
					"snd_cwnd":	3257436,
					"rtt":	2590,
					"rttvar":	56,
					"pmtu":	9001,
					"omitted":	false,
					"sender":	true
				}],
			"sum":	{
				"start":	1.000066,
				"end":	2.000064,
				"seconds":	0.99999797344207764,
				"bytes":	1191444480,
				"bits_per_second":	9531575156.2891464,
				"retransmits":	2,
				"omitted":	false,
				"sender":	true
			}
		}, {
			"streams":	[{
					"socket":	5,
					"start":	2.000064,
					"end":	3.000063,
					"seconds":	0.99999898672103882,
					"bytes":	1187512320,
					"bits_per_second":	9500108186.2597542,
					"retransmits":	5,
					"snd_cwnd":	3257436,
					"rtt":	2489,
					"rttvar":	44,
					"pmtu":	9001,
					"omitted":	false,
					"sender":	true
				}],
			"sum":	{
				"start":	2.000064,
				"end":	3.000063,
				"seconds":	0.99999898672103882,
				"bytes":	1187512320,
				"bits_per_second":	9500108186.2597542,
				"retransmits":	5,
				"omitted":	false,
				"sender":	true
			}
		}, {
			"streams":	[{
					"socket":	5,
					"start":	3.000063,
					"end":	4.000076,
					"seconds":	1.000012993812561,
					"bytes":	1191444480,
					"bits_per_second":	9531431990.35928,
					"retransmits":	0,
					"snd_cwnd":	3257436,
					"rtt":	2481,
					"rttvar":	45,
					"pmtu":	9001,
					"omitted":	false,
					"sender":	true
				}],
			"sum":	{
				"start":	3.000063,
				"end":	4.000076,
				"seconds":	1.000012993812561,
				"bytes":	1191444480,
				"bits_per_second":	9531431990.35928,
				"retransmits":	0,
				"omitted":	false,
				"sender":	true
			}
		}, {
			"streams":	[{
					"socket":	5,
					"start":	4.000076,
					"end":	5.000076,
					"seconds":	1,
					"bytes":	1184890880,
					"bits_per_second":	9479127040,
					"retransmits":	0,
					"snd_cwnd":	3257436,
					"rtt":	2607,
					"rttvar":	19,
					"pmtu":	9001,
					"omitted":	false,
					"sender":	true
				}],
			"sum":	{
				"start":	4.000076,
				"end":	5.000076,
				"seconds":	1,
				"bytes":	1184890880,
				"bits_per_second":	9479127040,
				"retransmits":	0,
				"omitted":	false,
				"sender":	true
			}
		}, {
			"streams":	[{
					"socket":	5,
					"start":	5.000076,
					"end":	6.000115,
					"seconds":	1.0000389814376831,
					"bytes":	1191444480,
					"bits_per_second":	9531184300.7331352,
					"retransmits":	0,
					"snd_cwnd":	3257436,
					"rtt":	2526,
					"rttvar":	42,
					"pmtu":	9001,
					"omitted":	false,
					"sender":	true
				}],
			"sum":	{
				"start":	5.000076,
				"end":	6.000115,
				"seconds":	1.0000389814376831,
				"bytes":	1191444480,
				"bits_per_second":	9531184300.7331352,
				"retransmits":	0,
				"omitted":	false,
				"sender":	true
			}
		}, {
			"streams":	[{
					"socket":	5,
					"start":	6.000115,
					"end":	7.000069,
					"seconds":	0.9999539852142334,
					"bytes":	1190133760,
					"bits_per_second":	9521508210.1604652,
					"retransmits":	20,
					"snd_cwnd":	3257436,
					"rtt":	2609,
					"rttvar":	27,
					"pmtu":	9001,
					"omitted":	false,
					"sender":	true
				}],
			"sum":	{
				"start":	6.000115,
				"end":	7.000069,
				"seconds":	0.9999539852142334,
				"bytes":	1190133760,
				"bits_per_second":	9521508210.1604652,
				"retransmits":	20,
				"omitted":	false,
				"sender":	true
			}
		}, {
			"streams":	[{
					"socket":	5,
					"start":	7.000069,
					"end":	8.000067,
					"seconds":	0.99999797344207764,
					"bytes":	1187512320,
					"bits_per_second":	9500117812.5390167,
					"retransmits":	0,
					"snd_cwnd":	3257436,
					"rtt":	2569,
					"rttvar":	55,
					"pmtu":	9001,
					"omitted":	false,
					"sender":	true
				}],
			"sum":	{
				"start":	7.000069,
				"end":	8.000067,
				"seconds":	0.99999797344207764,
				"bytes":	1187512320,
				"bits_per_second":	9500117812.5390167,
				"retransmits":	0,
				"omitted":	false,
				"sender":	true
			}
		}, {
			"streams":	[{
					"socket":	5,
					"start":	8.000067,
					"end":	9.000067,
					"seconds":	1,
					"bytes":	1191444480,
					"bits_per_second":	9531555840,
					"retransmits":	0,
					"snd_cwnd":	3257436,
					"rtt":	2461,
					"rttvar":	36,
					"pmtu":	9001,
					"omitted":	false,
					"sender":	true
				}],
			"sum":	{
				"start":	8.000067,
				"end":	9.000067,
				"seconds":	1,
				"bytes":	1191444480,
				"bits_per_second":	9531555840,
				"retransmits":	0,
				"omitted":	false,
				"sender":	true
			}
		}, {
			"streams":	[{
					"socket":	5,
					"start":	9.000067,
					"end":	10.00005,
					"seconds":	0.999983012676239,
					"bytes":	1191444480,
					"bits_per_second":	9531717758.37556,
					"retransmits":	0,
					"snd_cwnd":	3257436,
					"rtt":	2582,
					"rttvar":	33,
					"pmtu":	9001,
					"omitted":	false,
					"sender":	true
				}],
			"sum":	{
				"start":	9.000067,
				"end":	10.00005,
				"seconds":	0.999983012676239,
				"bytes":	1191444480,
				"bits_per_second":	9531717758.37556,
				"retransmits":	0,
				"omitted":	false,
				"sender":	true
			}
		}],
	"end":	{
		"streams":	[{
				"sender":	{
					"socket":	5,
					"start":	0,
					"end":	10.00005,
					"seconds":	10.00005,
					"bytes":	11902137223,
					"bits_per_second":	9521662170.08915,
					"retransmits":	27,
					"max_snd_cwnd":	3257436,
					"max_rtt":	2609,
					"min_rtt":	2461,
					"mean_rtt":	2545,
					"sender":	true
				},
				"receiver":	{
					"socket":	5,
					"start":	0,
					"end":	10.042461,
					"seconds":	10.00005,
					"bytes":	11899895685,
					"bits_per_second":	9479664942.68686,
					"sender":	true
				}
			}],
		"sum_sent":	{
			"start":	0,
			"end":	10.00005,
			"seconds":	10.00005,
			"bytes":	11902137223,
			"bits_per_second":	9521662170.08915,
			"retransmits":	27,
			"sender":	true
		},
		"sum_received":	{
			"start":	0,
			"end":	10.042461,
			"seconds":	10.042461,
			"bytes":	11899895685,
			"bits_per_second":	9479664942.68686,
			"sender":	true
		},
		"cpu_utilization_percent":	{
			"host_total":	21.0061123822863,
			"host_user":	0.7183514147358514,
			"host_system":	20.287751052417047,
			"remote_total":	2.6238883302863876,
			"remote_user":	0.219924780639514,
			"remote_system":	2.403963549646873
		},
		"sender_tcp_congestion":	"cubic",
		"receiver_tcp_congestion":	"cubic"
	}
}
