{
	"start":	{
		"connected":	[{
				"socket":	5,
				"local_host":	"192.168.128.3",
				"local_port":	36214,
				"remote_host":	"192.168.128.2",
				"remote_port":	5201
			}],
		"version":	"iperf 3.11",
		"system_info":	"Linux 4b04a8bb4bfa 5.10.124-linuxkit #1 SMP Thu Jun 30 08:19:10 UTC 2022 x86_64",
		"timestamp":	{
			"time":	"Wed, 02 Nov 2022 23:23:15 UTC",
			"timesecs":	1667431395
		},
		"connecting_to":	{
			"host":	"server",
			"port":	5201
		},
		"cookie":	"lkag7flqcmbnkhbhybehp7psfw5hbohputcw",
		"tcp_mss_default":	1448,
		"target_bitrate":	0,
		"sock_bufsize":	0,
		"sndbuf_actual":	16384,
		"rcvbuf_actual":	131072,
		"test_start":	{
			"protocol":	"TCP",
			"num_streams":	1,
			"blksize":	131072,
			"omit":	0,
			"duration":	10,
			"bytes":	0,
			"blocks":	0,
			"reverse":	0,
			"tos":	0,
			"target_bitrate":	0
		}
	},
	"intervals":	[{
			"streams":	[{
					"socket":	5,
					"start":	0,
					"end":	1.000166,
					"seconds":	1.0001660585403442,
					"bytes":	3515351040,
					"bits_per_second":	28118139062.870022,
					"retransmits":	0,
					"snd_cwnd":	946992,
					"snd_wnd":	3144448,
					"rtt":	32,
					"rttvar":	11,
					"pmtu":	1500,
					"omitted":	false,
					"sender":	true
				}],
			"sum":	{
				"start":	0,
				"end":	1.000166,
				"seconds":	1.0001660585403442,
				"bytes":	3515351040,
				"bits_per_second":	28118139062.870022,
				"retransmits":	0,
				"omitted":	false,
				"sender":	true
			}
		}, {
			"streams":	[{
					"socket":	5,
					"start":	1.000166,
					"end":	2.000053,
					"seconds":	0.999886989593506,
					"bytes":	3443261440,
					"bits_per_second":	27549204866.840591,
					"retransmits":	0,
					"snd_cwnd":	1103376,
					"snd_wnd":	3144448,
					"rtt":	46,
					"rttvar":	15,
					"pmtu":	1500,
					"omitted":	false,
					"sender":	true
				}],
			"sum":	{
				"start":	1.000166,
				"end":	2.000053,
				"seconds":	0.999886989593506,
				"bytes":	3443261440,
				"bits_per_second":	27549204866.840591,
				"retransmits":	0,
				"omitted":	false,
				"sender":	true
			}
		}, {
			"streams":	[{
					"socket":	5,
					"start":	2.000053,
					"end":	3.000052,
					"seconds":	0.99999898672103882,
					"bytes":	3738173440,
					"bits_per_second":	29905417822.5307,
					"retransmits":	0,
					"snd_cwnd":	1103376,
					"snd_wnd":	3010816,
					"rtt":	53,
					"rttvar":	16,
					"pmtu":	1500,
					"omitted":	false,
					"sender":	true
				}],
			"sum":	{
				"start":	2.000053,
				"end":	3.000052,
				"seconds":	0.99999898672103882,
				"bytes":	3738173440,
				"bits_per_second":	29905417822.5307,
				"retransmits":	0,
				"omitted":	false,
				"sender":	true
			}
		}, {
			"streams":	[{
					"socket":	5,
					"start":	3.000052,
					"end":	4.000185,
					"seconds":	1.0001330375671387,
					"bytes":	3634626560,
					"bits_per_second":	29073144659.565422,
					"retransmits":	0,
					"snd_cwnd":	1103376,
					"snd_wnd":	3112576,
					"rtt":	42,
					"rttvar":	16,
					"pmtu":	1500,
					"omitted":	false,
					"sender":	true
				}],
			"sum":	{
				"start":	3.000052,
				"end":	4.000185,
				"seconds":	1.0001330375671387,
				"bytes":	3634626560,
				"bits_per_second":	29073144659.565422,
				"retransmits":	0,
				"omitted":	false,
				"sender":	true
			}
		}, {
			"streams":	[{
					"socket":	5,
					"start":	4.000185,
					"end":	5.005006,
					"seconds":	1.0048209428787231,
					"bytes":	3035627520,
					"bits_per_second":	24168505177.077187,
					"retransmits":	1,
					"snd_cwnd":	1275688,
					"snd_wnd":	3144448,
					"rtt":	55,
					"rttvar":	18,
					"pmtu":	1500,
					"omitted":	false,
					"sender":	true
				}],
			"sum":	{
				"start":	4.000185,
				"end":	5.005006,
				"seconds":	1.0048209428787231,
				"bytes":	3035627520,
				"bits_per_second":	24168505177.077187,
				"retransmits":	1,
				"omitted":	false,
				"sender":	true
			}
		}, {
			"streams":	[{
					"socket":	5,
					"start":	5.005006,
					"end":	6.000307,
					"seconds":	0.9953010082244873,
					"bytes":	2693529600,
					"bits_per_second":	21649969830.172077,
					"retransmits":	50,
					"snd_cwnd":	1275688,
					"snd_wnd":	3144448,
					"rtt":	31,
					"rttvar":	8,
					"pmtu":	1500,
					"omitted":	false,
					"sender":	true
				}],
			"sum":	{
				"start":	5.005006,
				"end":	6.000307,
				"seconds":	0.9953010082244873,
				"bytes":	2693529600,
				"bits_per_second":	21649969830.172077,
				"retransmits":	50,
				"omitted":	false,
				"sender":	true
			}
		}, {
			"streams":	[{
					"socket":	5,
					"start":	6.000307,
					"end":	7.00013,
					"seconds":	0.999822974205017,
					"bytes":	3202088960,
					"bits_per_second":	25621247301.672031,
					"retransmits":	0,
					"snd_cwnd":	1275688,
					"snd_wnd":	3112576,
					"rtt":	35,
					"rttvar":	13,
					"pmtu":	1500,
					"omitted":	false,
					"sender":	true
				}],
			"sum":	{
				"start":	6.000307,
				"end":	7.00013,
				"seconds":	0.999822974205017,
				"bytes":	3202088960,
				"bits_per_second":	25621247301.672031,
				"retransmits":	0,
				"omitted":	false,
				"sender":	true
			}
		}, {
			"streams":	[{
					"socket":	5,
					"start":	7.00013,
					"end":	8.000016,
					"seconds":	0.99988597631454468,
					"bytes":	3571712000,
					"bits_per_second":	28576954449.66544,
					"retransmits":	0,
					"snd_cwnd":	1275688,
					"snd_wnd":	2814080,
					"rtt":	68,
					"rttvar":	34,
					"pmtu":	1500,
					"omitted":	false,
					"sender":	true
				}],
			"sum":	{
				"start":	7.00013,
				"end":	8.000016,
				"seconds":	0.99988597631454468,
				"bytes":	3571712000,
				"bits_per_second":	28576954449.66544,
				"retransmits":	0,
				"omitted":	false,
				"sender":	true
			}
		}, {
			"streams":	[{
					"socket":	5,
					"start":	8.000016,
					"end":	9.000056,
					"seconds":	1.0000400543212891,
					"bytes":	3342336000,
					"bits_per_second":	26737617042.896461,
					"retransmits":	48,
					"snd_cwnd":	1275688,
					"snd_wnd":	386688,
					"rtt":	76,
					"rttvar":	15,
					"pmtu":	1500,
					"omitted":	false,
					"sender":	true
				}],
			"sum":	{
				"start":	8.000016,
				"end":	9.000056,
				"seconds":	1.0000400543212891,
				"bytes":	3342336000,
				"bits_per_second":	26737617042.896461,
				"retransmits":	48,
				"omitted":	false,
				"sender":	true
			}
		}, {
			"streams":	[{
					"socket":	5,
					"start":	9.000056,
					"end":	10.000105,
					"seconds":	1.0000489950180054,
					"bytes":	3330539520,
					"bits_per_second":	26643010785.20686,
					"retransmits":	1,
					"snd_cwnd":	1275688,
					"snd_wnd":	0,
					"rtt":	59,
					"rttvar":	20,
					"pmtu":	1500,
					"omitted":	false,
					"sender":	true
				}],
			"sum":	{
				"start":	9.000056,
				"end":	10.000105,
				"seconds":	1.0000489950180054,
				"bytes":	3330539520,
				"bits_per_second":	26643010785.20686,
				"retransmits":	1,
				"omitted":	false,
				"sender":	true
			}
		}],
	"end":	{
		"streams":	[{
				"sender":	{
					"socket":	5,
					"start":	0,
					"end":	10.000105,
					"seconds":	10.000105,
					"bytes":	33507246080,
					"bits_per_second":	26805515406.088238,
					"retransmits":	100,
					"max_snd_cwnd":	1275688,
					"max_snd_wnd":	3144448,
					"max_rtt":	76,
					"min_rtt":	31,
					"mean_rtt":	49,
					"sender":	true
				},
				"receiver":	{
					"socket":	5,
					"start":	0,
					"end":	10.000178,
					"seconds":	10.000105,
					"bytes":	33498987792,
					"bits_per_second":	26798713216.504745,
					"sender":	true
				}
			}],
		"sum_sent":	{
			"start":	0,
			"end":	10.000105,
			"seconds":	10.000105,
			"bytes":	33507246080,
			"bits_per_second":	26805515406.088238,
			"retransmits":	100,
			"sender":	true
		},
		"sum_received":	{
			"start":	0,
			"end":	10.000178,
			"seconds":	10.000178,
			"bytes":	33498987792,
			"bits_per_second":	26798713216.504745,
			"sender":	true
		},
		"cpu_utilization_percent":	{
			"host_total":	94.882078617187858,
			"host_user":	1.9006348713131382,
			"host_system":	92.9814437458747,
			"remote_total":	73.248303760112165,
			"remote_user":	3.7398925842235067,