{
	"start":	{
		"connected":	[{
				"socket":	5,
				"local_host":	"172.31.18.125",
				"local_port":	57634,
				"remote_host":	"10.100.9.205",
				"remote_port":	5201
			}],
		"version":	"iperf 3.9",
		"system_info":	"Linux iperf3-client-94j7q 5.4.219-126.411.amzn2.x86_64 #1 SMP Wed Nov 2 17:44:17 UTC 2022 x86_64",
		"timestamp":	{
			"time":	"Sun, 27 Nov 2022 06:19:10 GMT",
			"timesecs":	1669529950
		},
		"connecting_to":	{
			"host":	"iperf3-server",
			"port":	5201
		},
		"cookie":	"zknwtq7gc27somtkchnrnjtjrzjpual3ll7t",
		"tcp_mss_default":	8949,
		"sock_bufsize":	0,
		"sndbuf_actual":	20480,
		"rcvbuf_actual":	131072,
		"test_start":	{
			"protocol":	"TCP",
			"num_streams":	1,
			"blksize":	131072,
			"omit":	0,
			"duration":	10,
			"bytes":	0,
			"blocks":	0,
			"reverse":	0,
			"tos":	0
		}
	},
	"intervals":	[{
			"streams":	[{
					"socket":	5,
					"start":	0,
					"end":	1.000075,
					"seconds":	1.0000749826431274,
					"bytes":	394110513,
					"bits_per_second":	3152647710.1418438,
					"retransmits":	18,
					"snd_cwnd":	823308,
					"rtt":	1745,
					"rttvar":	288,
					"pmtu":	9001,
					"omitted":	false,
					"sender":	true
				}],
			"sum":	{
				"start":	0,
				"end":	1.000075,
				"seconds":	1.0000749826431274,
				"bytes":	394110513,
				"bits_per_second":	3152647710.1418438,
				"retransmits":	18,
				"omitted":	false,
				"sender":	true
			}
		}, {
			"streams":	[{
					"socket":	5,
					"start":	1.000075,
					"end":	2.000077,
					"seconds":	1.0000020265579224,
					"bytes":	385351680,
					"bits_per_second":	3082807192.512661,
					"retransmits":	9,
					"snd_cwnd":	1073880,
					"rtt":	2169,
					"rttvar":	193,
					"pmtu":	9001,
					"omitted":	false,
					"sender":	true
				}],
			"sum":	{
				"start":	1.000075,
				"end":	2.000077,
				"seconds":	1.0000020265579224,
				"bytes":	385351680,
				"bits_per_second":	3082807192.512661,
				"retransmits":	9,
				"omitted":	false,
				"sender":	true
			}
		}, {
			"streams":	[{
					"socket":	5,
					"start":	2.000077,
					"end":	3.000072,
					"seconds":	0.999994993209839,
					"bytes":	387973120,
					"bits_per_second":	3103800500.077806,
					"retransmits":	39,
					"snd_cwnd":	1100727,
					"rtt":	2047,
					"rttvar":	130,
					"pmtu":	9001,
					"omitted":	false,
					"sender":	true
				}],
			"sum":	{
				"start":	2.000077,
				"end":	3.000072,
				"seconds":	0.999994993209839,
				"bytes":	387973120,
				"bits_per_second":	3103800500.077806,
				"retransmits":	39,
				"omitted":	false,
				"sender":	true
			}
		}, {
			"streams":	[{
					"socket":	5,
					"start":	3.000072,
					"end":	4.000075,
					"seconds":	1.0000029802322388,
					"bytes":	384040960,
					"bits_per_second":	3072318523.7772875,
					"retransmits":	17,
					"snd_cwnd":	823308,
					"rtt":	3179,
					"rttvar":	635,
					"pmtu":	9001,
					"omitted":	false,
					"sender":	true
				}],
			"sum":	{
				"start":	3.000072,
				"end":	4.000075,
				"seconds":	1.0000029802322388,
				"bytes":	384040960,
				"bits_per_second":	3072318523.7772875,
				"retransmits":	17,
				"omitted":	false,
				"sender":	true
			}
		}, {
			"streams":	[{
					"socket":	5,
					"start":	4.000075,
					"end":	5.000079,
					"seconds":	1.0000040531158447,
					"bytes":	387973120,
					"bits_per_second":	3103772380.0509882,
					"retransmits":	18,
					"snd_cwnd":	975441,
					"rtt":	2422,
					"rttvar":	306,
					"pmtu":	9001,
					"omitted":	false,
					"sender":	true
				}],
			"sum":	{
				"start":	4.000075,
				"end":	5.000079,
				"seconds":	1.0000040531158447,
				"bytes":	387973120,
				"bits_per_second":	3103772380.0509882,
				"retransmits":	18,
				"omitted":	false,
				"sender":	true
			}
		}, {
			"streams":	[{
					"socket":	5,
					"start":	5.000079,
					"end":	6.000078,
					"seconds":	0.99999898672103882,
					"bytes":	390594560,
					"bits_per_second":	3124759646.2532082,
					"retransmits":	12,
					"snd_cwnd":	1100727,
					"rtt":	2248,
					"rttvar":	156,
					"pmtu":	9001,
					"omitted":	false,
					"sender":	true
				}],
			"sum":	{
				"start":	5.000079,
				"end":	6.000078,
				"seconds":	0.99999898672103882,
				"bytes":	390594560,
				"bits_per_second":	3124759646.2532082,
				"retransmits":	12,
				"omitted":	false,
				"sender":	true
			}
		}, {
			"streams":	[{
					"socket":	5,
					"start":	6.000078,
					"end":	7.000391,
					"seconds":	1.0003130435943604,
					"bytes":	382730240,
					"bits_per_second":	3060883729.9552555,
					"retransmits":	18,
					"snd_cwnd":	850155,
					"rtt":	1882,
					"rttvar":	279,
					"pmtu":	9001,
					"omitted":	false,
					"sender":	true
				}],
			"sum":	{
				"start":	6.000078,
				"end":	7.000391,
				"seconds":	1.0003130435943604,
				"bytes":	382730240,
				"bits_per_second":	3060883729.9552555,
				"retransmits":	18,
				"omitted":	false,
				"sender":	true
			}
		}, {
			"streams":	[{
					"socket":	5,
					"start":	7.000391,
					"end":	8.000073,
					"seconds":	0.99968200922012329,
					"bytes":	390594560,
					"bits_per_second":	3125750439.8200583,
					"retransmits":	9,
					"snd_cwnd":	1055982,
					"rtt":	2445,
					"rttvar":	43,
					"pmtu":	9001,
					"omitted":	false,
					"sender":	true
				}],
			"sum":	{
				"start":	7.000391,
				"end":	8.000073,
				"seconds":	0.99968200922012329,
				"bytes":	390594560,
				"bits_per_second":	3125750439.8200583,
				"retransmits":	9,
				"omitted":	false,
				"sender":	true
			}
		}, {
			"streams":	[{
					"socket":	5,
					"start":	8.000073,
					"end":	9.000073,
					"seconds":	1,
					"bytes":	377487360,
					"bits_per_second":	3019898880,
					"retransmits":	8,
					"snd_cwnd":	1047033,
					"rtt":	3358,
					"rttvar":	324,
					"pmtu":	9001,
					"omitted":	false,
					"sender":	true
				}],
			"sum":	{
				"start":	8.000073,
				"end":	9.000073,
				"seconds":	1,
				"bytes":	377487360,
				"bits_per_second":	3019898880,
				"retransmits":	8,
				"omitted":	false,
				"sender":	true
			}
		}, {
			"streams":	[{
					"socket":	5,
					"start":	9.000073,
					"end":	10.000094,
					"seconds":	1.0000209808349609,
					"bytes":	390594560,
					"bits_per_second":	3124690921.3754745,
					"retransmits":	8,
					"snd_cwnd":	814359,
					"rtt":	1960,
					"rttvar":	333,
					"pmtu":	9001,
					"omitted":	false,
					"sender":	true
				}],
			"sum":	{
				"start":	9.000073,
				"end":	10.000094,
				"seconds":	1.0000209808349609,
				"bytes":	390594560,
				"bits_per_second":	3124690921.3754745,
				"retransmits":	8,
				"omitted":	false,
				"sender":	true
			}
		}],
	"end":	{
		"streams":	[{
				"sender":	{
					"socket":	5,
					"start":	0,
					"end":	10.000094,
					"seconds":	10.000094,
					"bytes":	3871450673,
					"bits_per_second":	3097131425.3646011,
					"retransmits":	156,
					"max_snd_cwnd":	1100727,
					"max_rtt":	3358,
					"min_rtt":	1745,
					"mean_rtt":	2345,
					"sender":	true
				},
				"receiver":	{
					"socket":	5,
					"start":	0,
					"end":	10.031626,
					"seconds":	10.000094,
					"bytes":	3867547728,
					"bits_per_second":	3084283826.37072,
					"sender":	true
				}
			}],
		"sum_sent":	{
			"start":	0,
			"end":	10.000094,
			"seconds":	10.000094,
			"bytes":	3871450673,
			"bits_per_second":	3097131425.3646011,
			"retransmits":	156,
			"sender":	true
		},
		"sum_received":	{
			"start":	0,
			"end":	10.031626,
			"seconds":	10.031626,
			"bytes":	3867547728,
			"bits_per_second":	3084283826.37072,
			"sender":	true
		},
		"cpu_utilization_percent":	{
			"host_total":	9.043753308894,
			"host_user":	0.11163597272385527,
			"host_system":	8.93212725231624,
			"remote_total":	1.9920933704297359,
			"remote_user":	0.11434077975172381,
			"remote_system":	1.8777539608162923
		},
		"sender_tcp_congestion":	"cubic",
		"receiver_tcp_congestion":	"cubic"
	}
}
