{
	"start":	{
		"connected":	[{
				"socket":	5,
				"local_host":	"172.31.47.110",
				"local_port":	55632,
				"remote_host":	"10.100.58.224",
				"remote_port":	5201
			}],
		"version":	"iperf 3.9",
		"system_info":	"Linux iperf3-client-nkcvv 5.4.219-126.411.amzn2.x86_64 #1 SMP Wed Nov 2 17:44:17 UTC 2022 x86_64",
		"timestamp":	{
			"time":	"Sun, 27 Nov 2022 05:24:32 GMT",
			"timesecs":	1669526672
		},
		"connecting_to":	{
			"host":	"iperf3-server",
			"port":	5201
		},
		"cookie":	"roql3vln4gmdthv56lz43azltvj2igejohjn",
		"tcp_mss_default":	8949,
		"sock_bufsize":	0,
		"sndbuf_actual":	20480,
		"rcvbuf_actual":	131072,
		"test_start":	{
			"protocol":	"TCP",
			"num_streams":	1,
			"blksize":	131072,
			"omit":	0,
			"duration":	10,
			"bytes":	0,
			"blocks":	0,
			"reverse":	0,
			"tos":	0
		}
	},
	"intervals":	[{
			"streams":	[{
					"socket":	5,
					"start":	0,
					"end":	1.000072,
					"seconds":	1.0000720024108887,
					"bytes":	392629145,
					"bits_per_second":	3140807014.3228326,
					"retransmits":	32,
					"snd_cwnd":	850155,
					"rtt":	2537,
					"rttvar":	407,
					"pmtu":	9001,
					"omitted":	false,
					"sender":	true
				}],
			"sum":	{
				"start":	0,
				"end":	1.000072,
				"seconds":	1.0000720024108887,
				"bytes":	392629145,
				"bits_per_second":	3140807014.3228326,
				"retransmits":	32,
				"omitted":	false,
				"sender":	true
			}
		}, {
			"streams":	[{
					"socket":	5,
					"start":	1.000072,
					"end":	2.000389,
					"seconds":	1.0003169775009155,
					"bytes":	370933760,
					"bits_per_second":	2966529756.8112946,
					"retransmits":	38,
					"snd_cwnd":	1118625,
					"rtt":	2454,
					"rttvar":	362,
					"pmtu":	9001,
					"omitted":	false,
					"sender":	true
				}],
			"sum":	{
				"start":	1.000072,
				"end":	2.000389,
				"seconds":	1.0003169775009155,
				"bytes":	370933760,
				"bits_per_second":	2966529756.8112946,
				"retransmits":	38,
				"omitted":	false,
				"sender":	true
			}
		}, {
			"streams":	[{
					"socket":	5,
					"start":	2.000389,
					"end":	3.000071,
					"seconds":	0.99968200922012329,
					"bytes":	376176640,
					"bits_per_second":	3010370390.0280428,
					"retransmits":	20,
					"snd_cwnd":	1064931,
					"rtt":	2773,
					"rttvar":	265,
					"pmtu":	9001,
					"omitted":	false,
					"sender":	true
				}],
			"sum":	{
				"start":	2.000389,
				"end":	3.000071,
				"seconds":	0.99968200922012329,
				"bytes":	376176640,
				"bits_per_second":	3010370390.0280428,
				"retransmits":	20,
				"omitted":	false,
				"sender":	true
			}
		}, {
			"streams":	[{
					"socket":	5,
					"start":	3.000071,
					"end":	4.000372,
					"seconds":	1.0003010034561157,
					"bytes":	384040960,
					"bits_per_second":	3071403177.02859,
					"retransmits":	19,
					"snd_cwnd":	1038084,
					"rtt":	1801,
					"rttvar":	164,
					"pmtu":	9001,
					"omitted":	false,
					"sender":	true
				}],
			"sum":	{
				"start":	3.000071,
				"end":	4.000372,
				"seconds":	1.0003010034561157,
				"bytes":	384040960,
				"bits_per_second":	3071403177.02859,
				"retransmits":	19,
				"omitted":	false,
				"sender":	true
			}
		}, {
			"streams":	[{
					"socket":	5,
					"start":	4.000372,
					"end":	5.000078,
					"seconds":	0.999705970287323,
					"bytes":	391905280,
					"bits_per_second":	3136164365.507298,
					"retransmits":	8,
					"snd_cwnd":	1100727,
					"rtt":	3271,
					"rttvar":	709,
					"pmtu":	9001,
					"omitted":	false,
					"sender":	true
				}],
			"sum":	{
				"start":	4.000372,
				"end":	5.000078,
				"seconds":	0.999705970287323,
				"bytes":	391905280,
				"bits_per_second":	3136164365.507298,
				"retransmits":	8,
				"omitted":	false,
				"sender":	true
			}
		}, {
			"streams":	[{
					"socket":	5,
					"start":	5.000078,
					"end":	6.00008,
					"seconds":	1.0000020265579224,
					"bytes":	387973120,
					"bits_per_second":	3103778670.0127468,
					"retransmits":	13,
					"snd_cwnd":	814359,
					"rtt":	1832,
					"rttvar":	216,
					"pmtu":	9001,
					"omitted":	false,
					"sender":	true
				}],
			"sum":	{
				"start":	5.000078,
				"end":	6.00008,
				"seconds":	1.0000020265579224,
				"bytes":	387973120,
				"bits_per_second":	3103778670.0127468,
				"retransmits":	13,
				"omitted":	false,
				"sender":	true
			}
		}, {
			"streams":	[{
					"socket":	5,
					"start":	6.00008,
					"end":	7.00028,
					"seconds":	1.0002000331878662,
					"bytes":	384040960,
					"bits_per_second":	3071713235.40931,
					"retransmits":	15,
					"snd_cwnd":	912798,
					"rtt":	2259,
					"rttvar":	449,
					"pmtu":	9001,
					"omitted":	false,
					"sender":	true
				}],
			"sum":	{
				"start":	6.00008,
				"end":	7.00028,
				"seconds":	1.0002000331878662,
				"bytes":	384040960,
				"bits_per_second":	3071713235.40931,
				"retransmits":	15,
				"omitted":	false,
				"sender":	true
			}
		}, {
			"streams":	[{
					"socket":	5,
					"start":	7.00028,
					"end":	8.000265,
					"seconds":	0.9999849796295166,
					"bytes":	377487360,
					"bits_per_second":	3019944240.681334,
					"retransmits":	17,
					"snd_cwnd":	984390,
					"rtt":	2524,
					"rttvar":	831,
					"pmtu":	9001,
					"omitted":	false,
					"sender":	true
				}],
			"sum":	{
				"start":	7.00028,
				"end":	8.000265,
				"seconds":	0.9999849796295166,
				"bytes":	377487360,
				"bits_per_second":	3019944240.681334,
				"retransmits":	17,
				"omitted":	false,
				"sender":	true
			}
		}, {
			"streams":	[{
					"socket":	5,
					"start":	8.000265,
					"end":	9.000082,
					"seconds":	0.99981701374053955,
					"bytes":	378798080,
					"bits_per_second":	3030939260.2378826,
					"retransmits":	15,
					"snd_cwnd":	1038084,
					"rtt":	2802,
					"rttvar":	418,
					"pmtu":	9001,
					"omitted":	false,
					"sender":	true
				}],
			"sum":	{
				"start":	8.000265,
				"end":	9.000082,
				"seconds":	0.99981701374053955,
				"bytes":	378798080,
				"bits_per_second":	3030939260.2378826,
				"retransmits":	15,
				"omitted":	false,
				"sender":	true
			}
		}, {
			"streams":	[{
					"socket":	5,
					"start":	9.000082,
					"end":	10.000106,
					"seconds":	1.0000239610672,
					"bytes":	382730240,
					"bits_per_second":	3061768556.7578616,
					"retransmits":	12,
					"snd_cwnd":	1109676,
					"rtt":	2918,
					"rttvar":	959,
					"pmtu":	9001,
					"omitted":	false,
					"sender":	true
				}],
			"sum":	{
				"start":	9.000082,
				"end":	10.000106,
				"seconds":	1.0000239610672,
				"bytes":	382730240,
				"bits_per_second":	3061768556.7578616,
				"retransmits":	12,
				"omitted":	false,
				"sender":	true
			}
		}],
	"end":	{
		"streams":	[{
				"sender":	{
					"socket":	5,
					"start":	0,
					"end":	10.000106,
					"seconds":	10.000106,
					"bytes":	3826715545,
					"bits_per_second":	3061339985.79615,
					"retransmits":	189,
					"max_snd_cwnd":	1118625,
					"max_rtt":	3271,
					"min_rtt":	1801,
					"mean_rtt":	2517,
					"sender":	true
				},
				"receiver":	{
					"socket":	5,
					"start":	0,
					"end":	10.038099,
					"seconds":	10.000106,
					"bytes":	3822947680,
					"bits_per_second":	3046750329.918045,
					"sender":	true
				}
			}],
		"sum_sent":	{
			"start":	0,
			"end":	10.000106,
			"seconds":	10.000106,
			"bytes":	3826715545,
			"bits_per_second":	3061339985.79615,
			"retransmits":	189,
			"sender":	true
		},
		"sum_received":	{
			"start":	0,
			"end":	10.038099,
			"seconds":	10.038099,
			"bytes":	3822947680,
			"bits_per_second":	3046750329.918045,
			"sender":	true
		},
		"cpu_utilization_percent":	{
			"host_total":	8.962938523049484,
			"host_user":	0.44894080120328067,
			"host_system":	8.5140076328955256,
			"remote_total":	0.61645950283215178,
			"remote_user":	0.029051687724158351,
			"remote_system":	0.58740717158849576
		},
		"sender_tcp_congestion":	"cubic",
		"receiver_tcp_congestion":	"cubic"
	}
}