{
	"start":	{
		"connected":	[{
				"socket":	5,
				"local_host":	"172.31.51.35",
				"local_port":	36772,
				"remote_host":	"10.100.58.224",
				"remote_port":	5201
			}],
		"version":	"iperf 3.9",
		"system_info":	"Linux iperf3-client-crjr4 5.4.219-126.411.amzn2.x86_64 #1 SMP Wed Nov 2 17:44:17 UTC 2022 x86_64",
		"timestamp":	{
			"time":	"Sun, 27 Nov 2022 05:14:33 GMT",
			"timesecs":	1669526073
		},
		"connecting_to":	{
			"host":	"iperf3-server",
			"port":	5201
		},
		"cookie":	"zor7llyb7jdirysfob4dtsulqllepjjohwxi",
		"tcp_mss_default":	8949,
		"sock_bufsize":	0,
		"sndbuf_actual":	20480,
		"rcvbuf_actual":	131072,
		"test_start":	{
			"protocol":	"TCP",
			"num_streams":	1,
			"blksize":	131072,
			"omit":	0,
			"duration":	10,
			"bytes":	0,
			"blocks":	0,
			"reverse":	0,
			"tos":	0
		}
	},
	"intervals":	[{
			"streams":	[{
					"socket":	5,
					"start":	0,
					"end":	1.000066,
					"seconds":	1.0000660419464111,
					"bytes":	371281767,
					"bits_per_second":	2970057987.5895457,
					"retransmits":	21,
					"snd_cwnd":	1073880,
					"rtt":	2919,
					"rttvar":	491,
					"pmtu":	9001,
					"omitted":	false,
					"sender":	true
				}],
			"sum":	{
				"start":	0,
				"end":	1.000066,
				"seconds":	1.0000660419464111,
				"bytes":	371281767,
				"bits_per_second":	2970057987.5895457,
				"retransmits":	21,
				"omitted":	false,
				"sender":	true
			}
		}, {
			"streams":	[{
					"socket":	5,
					"start":	1.000066,
					"end":	2.000069,
					"seconds":	1.0000029802322388,
					"bytes":	380108800,
					"bits_per_second":	3040861337.5270081,
					"retransmits":	13,
					"snd_cwnd":	805410,
					"rtt":	2463,
					"rttvar":	449,
					"pmtu":	9001,
					"omitted":	false,
					"sender":	true
				}],
			"sum":	{
				"start":	1.000066,
				"end":	2.000069,
				"seconds":	1.0000029802322388,
				"bytes":	380108800,
				"bits_per_second":	3040861337.5270081,
				"retransmits":	13,
				"omitted":	false,
				"sender":	true
			}
		}, {
			"streams":	[{
					"socket":	5,
					"start":	2.000069,
					"end":	3.000081,
					"seconds":	1.0000120401382446,
					"bytes":	381419520,
					"bits_per_second":	3051319421.6923342,
					"retransmits":	9,
					"snd_cwnd":	957543,
					"rtt":	2012,
					"rttvar":	425,
					"pmtu":	9001,
					"omitted":	false,
					"sender":	true
				}],
			"sum":	{
				"start":	2.000069,
				"end":	3.000081,
				"seconds":	1.0000120401382446,
				"bytes":	381419520,
				"bits_per_second":	3051319421.6923342,
				"retransmits":	9,
				"omitted":	false,
				"sender":	true
			}
		}, {
			"streams":	[{
					"socket":	5,
					"start":	3.000081,
					"end":	4.000071,
					"seconds":	0.99998998641967773,
					"bytes":	387973120,
					"bits_per_second":	3103816040.3112254,
					"retransmits":	12,
					"snd_cwnd":	957543,
					"rtt":	1881,
					"rttvar":	246,
					"pmtu":	9001,
					"omitted":	false,
					"sender":	true
				}],
			"sum":	{
				"start":	3.000081,
				"end":	4.000071,
				"seconds":	0.99998998641967773,
				"bytes":	387973120,
				"bits_per_second":	3103816040.3112254,
				"retransmits":	12,
				"omitted":	false,
				"sender":	true
			}
		}, {
			"streams":	[{
					"socket":	5,
					"start":	4.000071,
					"end":	5.000123,
					"seconds":	1.0000519752502441,
					"bytes":	376176640,
					"bits_per_second":	3009256713.1292863,
					"retransmits":	9,
					"snd_cwnd":	966492,
					"rtt":	1353,
					"rttvar":	527,
					"pmtu":	9001,
					"omitted":	false,
					"sender":	true
				}],
			"sum":	{
				"start":	4.000071,
				"end":	5.000123,
				"seconds":	1.0000519752502441,
				"bytes":	376176640,
				"bits_per_second":	3009256713.1292863,
				"retransmits":	9,
				"omitted":	false,
				"sender":	true
			}
		}, {
			"streams":	[{
					"socket":	5,
					"start":	5.000123,
					"end":	6.000354,
					"seconds":	1.0002310276031494,
					"bytes":	382730240,
					"bits_per_second":	3061134713.3842492,
					"retransmits":	9,
					"snd_cwnd":	1064931,
					"rtt":	2717,
					"rttvar":	149,
					"pmtu":	9001,
					"omitted":	false,
					"sender":	true
				}],
			"sum":	{
				"start":	5.000123,
				"end":	6.000354,
				"seconds":	1.0002310276031494,
				"bytes":	382730240,
				"bits_per_second":	3061134713.3842492,
				"retransmits":	9,
				"omitted":	false,
				"sender":	true
			}
		}, {
			"streams":	[{
					"socket":	5,
					"start":	6.000354,
					"end":	7.00008,
					"seconds":	0.99972599744796753,
					"bytes":	381419520,
					"bits_per_second":	3052192468.52567,
					"retransmits":	17,
					"snd_cwnd":	1127574,
					"rtt":	3131,
					"rttvar":	195,
					"pmtu":	9001,
					"omitted":	false,
					"sender":	true
				}],
			"sum":	{
				"start":	6.000354,
				"end":	7.00008,
				"seconds":	0.99972599744796753,
				"bytes":	381419520,
				"bits_per_second":	3052192468.52567,
				"retransmits":	17,
				"omitted":	false,
				"sender":	true
			}
		}, {
			"streams":	[{
					"socket":	5,
					"start":	7.00008,
					"end":	8.000089,
					"seconds":	1.0000089406967163,
					"bytes":	378798080,
					"bits_per_second":	3030357546.4922347,
					"retransmits":	19,
					"snd_cwnd":	823308,
					"rtt":	2603,
					"rttvar":	328,
					"pmtu":	9001,
					"omitted":	false,
					"sender":	true
				}],
			"sum":	{
				"start":	7.00008,
				"end":	8.000089,
				"seconds":	1.0000089406967163,
				"bytes":	378798080,
				"bits_per_second":	3030357546.4922347,
				"retransmits":	19,
				"omitted":	false,
				"sender":	true
			}
		}, {
			"streams":	[{
					"socket":	5,
					"start":	8.000089,
					"end":	9.000039,
					"seconds":	0.99994999170303345,
					"bytes":	378798080,
					"bits_per_second":	3030536191.953855,
					"retransmits":	12,
					"snd_cwnd":	903849,
					"rtt":	2412,
					"rttvar":	470,
					"pmtu":	9001,
					"omitted":	false,
					"sender":	true
				}],
			"sum":	{
				"start":	8.000089,
				"end":	9.000039,
				"seconds":	0.99994999170303345,
				"bytes":	378798080,
				"bits_per_second":	3030536191.953855,
				"retransmits":	12,
				"omitted":	false,
				"sender":	true
			}
		}, {
			"streams":	[{
					"socket":	5,
					"start":	9.000039,
					"end":	10.000078,
					"seconds":	1.0000389814376831,
					"bytes":	380108800,
					"bits_per_second":	3040751867.1205821,
					"retransmits":	8,
					"snd_cwnd":	868053,
					"rtt":	2615,
					"rttvar":	282,
					"pmtu":	9001,
					"omitted":	false,
					"sender":	true
				}],
			"sum":	{
				"start":	9.000039,
				"end":	10.000078,
				"seconds":	1.0000389814376831,
				"bytes":	380108800,
				"bits_per_second":	3040751867.1205821,
				"retransmits":	8,
				"omitted":	false,
				"sender":	true
			}
		}],
	"end":	{
		"streams":	[{
				"sender":	{
					"socket":	5,
					"start":	0,
					"end":	10.000078,
					"seconds":	10.000078,
					"bytes":	3798814567,
					"bits_per_second":	3039027949.1819963,
					"retransmits":	129,
					"max_snd_cwnd":	1127574,
					"max_rtt":	3131,
					"min_rtt":	1353,
					"mean_rtt":	2410,
					"sender":	true
				},
				"receiver":	{
					"socket":	5,
					"start":	0,
					"end":	10.038643,
					"seconds":	10.000078,
					"bytes":	3795790498,
					"bits_per_second":	3024943110.7371783,
					"sender":	true
				}
			}],
		"sum_sent":	{
			"start":	0,
			"end":	10.000078,
			"seconds":	10.000078,
			"bytes":	3798814567,
			"bits_per_second":	3039027949.1819963,
			"retransmits":	129,
			"sender":	true
		},
		"sum_received":	{
			"start":	0,
			"end":	10.038643,
			"seconds":	10.038643,
			"bytes":	3795790498,
			"bits_per_second":	3024943110.7371783,
			"sender":	true
		},
		"cpu_utilization_percent":	{
			"host_total":	8.2472483214823,
			"host_user":	0.45626931627511574,
			"host_system":	7.7909492640297815,
			"remote_total":	4.4842792843469574,
			"remote_user":	0.19197843158977423,
			"remote_system":	4.2923008527571831
		},
		"sender_tcp_congestion":	"cubic",
		"receiver_tcp_congestion":	"cubic"
	}
}
