{
	"start":	{
		"connected":	[{
				"socket":	5,
				"local_host":	"172.31.51.118",
				"local_port":	54882,
				"remote_host":	"10.100.243.118",
				"remote_port":	5201
			}],
		"version":	"iperf 3.9",
		"system_info":	"Linux iperf3-client-cd2d6 5.4.219-126.411.amzn2.x86_64 #1 SMP Wed Nov 2 17:44:17 UTC 2022 x86_64",
		"timestamp":	{
			"time":	"Sun, 27 Nov 2022 06:28:54 GMT",
			"timesecs":	1669530534
		},
		"connecting_to":	{
			"host":	"iperf3-server",
			"port":	5201
		},
		"cookie":	"wix5zc33z7qulbk2zpucqd4rkezefnwmhtrs",
		"tcp_mss_default":	8949,
		"sock_bufsize":	0,
		"sndbuf_actual":	20480,
		"rcvbuf_actual":	131072,
		"test_start":	{
			"protocol":	"TCP",
			"num_streams":	1,
			"blksize":	131072,
			"omit":	0,
			"duration":	10,
			"bytes":	0,
			"blocks":	0,
			"reverse":	0,
			"tos":	0
		}
	},
	"intervals":	[{
			"streams":	[{
					"socket":	5,
					"start":	0,
					"end":	1.000067,
					"seconds":	1.0000669956207275,
					"bytes":	389838908,
					"bits_per_second":	3118502338.0001254,
					"retransmits":	17,
					"snd_cwnd":	814359,
					"rtt":	2344,
					"rttvar":	379,
					"pmtu":	9001,
					"omitted":	false,
					"sender":	true
				}],
			"sum":	{
				"start":	0,
				"end":	1.000067,
				"seconds":	1.0000669956207275,
				"bytes":	389838908,
				"bits_per_second":	3118502338.0001254,
				"retransmits":	17,
				"omitted":	false,
				"sender":	true
			}
		}, {
			"streams":	[{
					"socket":	5,
					"start":	1.000067,
					"end":	2.000072,
					"seconds":	1.0000050067901611,
					"bytes":	372244480,
					"bits_per_second":	2977940930.0746508,
					"retransmits":	6,
					"snd_cwnd":	1154421,
					"rtt":	2939,
					"rttvar":	376,
					"pmtu":	9001,
					"omitted":	false,
					"sender":	true
				}],
			"sum":	{
				"start":	1.000067,
				"end":	2.000072,
				"seconds":	1.0000050067901611,
				"bytes":	372244480,
				"bits_per_second":	2977940930.0746508,
				"retransmits":	6,
				"omitted":	false,
				"sender":	true
			}
		}, {
			"streams":	[{
					"socket":	5,
					"start":	2.000072,
					"end":	3.000069,
					"seconds":	0.99999701976776123,
					"bytes":	377487360,
					"bits_per_second":	3019907880.0268221,
					"retransmits":	16,
					"snd_cwnd":	841206,
					"rtt":	2820,
					"rttvar":	487,
					"pmtu":	9001,
					"omitted":	false,
					"sender":	true
				}],
			"sum":	{
				"start":	2.000072,
				"end":	3.000069,
				"seconds":	0.99999701976776123,
				"bytes":	377487360,
				"bits_per_second":	3019907880.0268221,
				"retransmits":	16,
				"omitted":	false,
				"sender":	true
			}
		}, {
			"streams":	[{
					"socket":	5,
					"start":	3.000069,
					"end":	4.000073,
					"seconds":	1.0000040531158447,
					"bytes":	386662400,
					"bits_per_second":	3093286662.5508156,
					"retransmits":	13,
					"snd_cwnd":	948594,
					"rtt":	2212,
					"rttvar":	396,
					"pmtu":	9001,
					"omitted":	false,
					"sender":	true
				}],
			"sum":	{
				"start":	3.000069,
				"end":	4.000073,
				"seconds":	1.0000040531158447,
				"bytes":	386662400,
				"bits_per_second":	3093286662.5508156,
				"retransmits":	13,
				"omitted":	false,
				"sender":	true
			}
		}, {
			"streams":	[{
					"socket":	5,
					"start":	4.000073,
					"end":	5.000068,
					"seconds":	0.999994993209839,
					"bytes":	387973120,
					"bits_per_second":	3103800500.077806,
					"retransmits":	10,
					"snd_cwnd":	1100727,
					"rtt":	2395,
					"rttvar":	206,
					"pmtu":	9001,
					"omitted":	false,
					"sender":	true
				}],
			"sum":	{
				"start":	4.000073,
				"end":	5.000068,
				"seconds":	0.999994993209839,
				"bytes":	387973120,
				"bits_per_second":	3103800500.077806,
				"retransmits":	10,
				"omitted":	false,
				"sender":	true
			}
		}, {
			"streams":	[{
					"socket":	5,
					"start":	5.000068,
					"end":	6.000183,
					"seconds":	1.0001150369644165,
					"bytes":	378798080,
					"bits_per_second":	3030036073.8479919,
					"retransmits":	21,
					"snd_cwnd":	1082829,
					"rtt":	1659,
					"rttvar":	573,
					"pmtu":	9001,
					"omitted":	false,
					"sender":	true
				}],
			"sum":	{
				"start":	5.000068,
				"end":	6.000183,
				"seconds":	1.0001150369644165,
				"bytes":	378798080,
				"bits_per_second":	3030036073.8479919,
				"retransmits":	21,
				"omitted":	false,
				"sender":	true
			}
		}, {
			"streams":	[{
					"socket":	5,
					"start":	6.000183,
					"end":	7.00007,
					"seconds":	0.999886989593506,
					"bytes":	382730240,
					"bits_per_second":	3062187979.10828,
					"retransmits":	19,
					"snd_cwnd":	1109676,
					"rtt":	2391,
					"rttvar":	342,
					"pmtu":	9001,
					"omitted":	false,
					"sender":	true
				}],
			"sum":	{
				"start":	6.000183,
				"end":	7.00007,
				"seconds":	0.999886989593506,
				"bytes":	382730240,
				"bits_per_second":	3062187979.10828,
				"retransmits":	19,
				"omitted":	false,
				"sender":	true
			}
		}, {
			"streams":	[{
					"socket":	5,
					"start":	7.00007,
					"end":	8.000094,
					"seconds":	1.0000239610672,
					"bytes":	385351680,
					"bits_per_second":	3082739574.2699018,
					"retransmits":	27,
					"snd_cwnd":	975441,
					"rtt":	2355,
					"rttvar":	232,
					"pmtu":	9001,
					"omitted":	false,
					"sender":	true
				}],
			"sum":	{
				"start":	7.00007,
				"end":	8.000094,
				"seconds":	1.0000239610672,
				"bytes":	385351680,
				"bits_per_second":	3082739574.2699018,
				"retransmits":	27,
				"omitted":	false,
				"sender":	true
			}
		}, {
			"streams":	[{
					"socket":	5,
					"start":	8.000094,
					"end":	9.000364,
					"seconds":	1.0002700090408325,
					"bytes":	384040960,
					"bits_per_second":	3071498347.6772251,
					"retransmits":	12,
					"snd_cwnd":	975441,
					"rtt":	2543,
					"rttvar":	380,
					"pmtu":	9001,
					"omitted":	false,
					"sender":	true
				}],
			"sum":	{
				"start":	8.000094,
				"end":	9.000364,
				"seconds":	1.0002700090408325,
				"bytes":	384040960,
				"bits_per_second":	3071498347.6772251,
				"retransmits":	12,
				"omitted":	false,
				"sender":	true
			}
		}, {
			"streams":	[{
					"socket":	5,
					"start":	9.000364,
					"end":	10.000084,
					"seconds":	0.99971997737884521,
					"bytes":	385351680,
					"bits_per_second":	3083676939.2993374,
					"retransmits":	21,
					"snd_cwnd":	1082829,
					"rtt":	2461,
					"rttvar":	272,
					"pmtu":	9001,
					"omitted":	false,
					"sender":	true
				}],
			"sum":	{
				"start":	9.000364,
				"end":	10.000084,
				"seconds":	0.99971997737884521,
				"bytes":	385351680,
				"bits_per_second":	3083676939.2993374,
				"retransmits":	21,
				"omitted":	false,
				"sender":	true
			}
		}],
	"end":	{
		"streams":	[{
				"sender":	{
					"socket":	5,
					"start":	0,
					"end":	10.000084,
					"seconds":	10.000084,
					"bytes":	3830478908,
					"bits_per_second":	3064357385.79796,
					"retransmits":	162,
					"max_snd_cwnd":	1154421,
					"max_rtt":	2939,
					"min_rtt":	1659,
					"mean_rtt":	2411,
					"sender":	true
				},
				"receiver":	{
					"socket":	5,
					"start":	0,
					"end":	10.041036,
					"seconds":	10.000084,
					"bytes":	3827376487,
					"bits_per_second":	3049387722.1434121,
					"sender":	true
				}
			}],
		"sum_sent":	{
			"start":	0,
			"end":	10.000084,
			"seconds":	10.000084,
			"bytes":	3830478908,
			"bits_per_second":	3064357385.79796,
			"retransmits":	162,
			"sender":	true
		},
		"sum_received":	{
			"start":	0,
			"end":	10.041036,
			"seconds":	10.041036,
			"bytes":	3827376487,
			"bits_per_second":	3049387722.1434121,
			"sender":	true
		},
		"cpu_utilization_percent":	{
			"host_total":	8.517709740647307,
			"host_user":	0.253263233670598,
			"host_system":	8.2644564198200161,
			"remote_total":	0.26233898701372027,
			"remote_user":	0.016762947864901772,
			"remote_system":	0.24557603914881848
		},
		"sender_tcp_congestion":	"cubic",
		"receiver_tcp_congestion":	"cubic"
	}
}