{
	"start":	{
		"connected":	[{
				"socket":	4,
				"local_host":	"172.31.38.148",
				"local_port":	47210,
				"remote_host":	"172.31.56.206",
				"remote_port":	5201
			}],
		"version":	"iperf 3.1.7",
		"system_info":	"Linux ip-172-31-38-148.us-west-2.compute.internal 5.10.147-133.644.amzn2.x86_64 #1 SMP Fri Oct 14 01:16:24 UTC 2022 x86_64",
		"timestamp":	{
			"time":	"Sat, 03 Dec 2022 19:01:01 GMT",
			"timesecs":	1670094061
		},
		"connecting_to":	{
			"host":	"ip-172-31-56-206.us-west-2.compute.internal",
			"port":	5201
		},
		"cookie":	"ip-172-31-38-148.us-west-2.compute.i",
		"tcp_mss_default":	8949,
		"test_start":	{
			"protocol":	"TCP",
			"num_streams":	1,
			"blksize":	131072,
			"omit":	0,
			"duration":	10,
			"bytes":	0,
			"blocks":	0,
			"reverse":	0
		}
	},
	"intervals":	[{
			"streams":	[{
					"socket":	4,
					"start":	0,
					"end":	1.000061,
					"seconds":	1.000061,
					"bytes":	624346081,
					"bits_per_second":	4.994464e+09,
					"retransmits":	0,
					"snd_cwnd":	1324452,
					"rtt":	1752,
					"omitted":	false
				}],
			"sum":	{
				"start":	0,
				"end":	1.000061,
				"seconds":	1.000061,
				"bytes":	624346081,
				"bits_per_second":	4.994464e+09,
				"retransmits":	0,
				"omitted":	false
			}
		}, {
			"streams":	[{
					"socket":	4,
					"start":	1.000061,
					"end":	2.000062,
					"seconds":	1.000001,
					"bytes":	619970560,
					"bits_per_second":	4.959760e+09,
					"retransmits":	0,
					"snd_cwnd":	1324452,
					"rtt":	1728,
					"omitted":	false
				}],
			"sum":	{
				"start":	1.000061,
				"end":	2.000062,
				"seconds":	1.000001,
				"bytes":	619970560,
				"bits_per_second":	4.959760e+09,
				"retransmits":	0,
				"omitted":	false
			}
		}, {
			"streams":	[{
					"socket":	4,
					"start":	2.000062,
					"end":	3.000064,
					"seconds":	1.000002,
					"bytes":	621281280,
					"bits_per_second":	4.970241e+09,
					"retransmits":	0,
					"snd_cwnd":	1324452,
					"rtt":	1752,
					"omitted":	false
				}],
			"sum":	{
				"start":	2.000062,
				"end":	3.000064,
				"seconds":	1.000002,
				"bytes":	621281280,
				"bits_per_second":	4.970241e+09,
				"retransmits":	0,
				"omitted":	false
			}
		}, {
			"streams":	[{
					"socket":	4,
					"start":	3.000064,
					"end":	4.000064,
					"seconds":	1,
					"bytes":	621281280,
					"bits_per_second":	4970250240,
					"retransmits":	0,
					"snd_cwnd":	1324452,
					"rtt":	1808,
					"omitted":	false
				}],
			"sum":	{
				"start":	3.000064,
				"end":	4.000064,
				"seconds":	1,
				"bytes":	621281280,
				"bits_per_second":	4970250240,
				"retransmits":	0,
				"omitted":	false
			}
		}, {
			"streams":	[{
					"socket":	4,
					"start":	4.000064,
					"end":	5.000066,
					"seconds":	1.000002,
					"bytes":	621281280,
					"bits_per_second":	4.970241e+09,
					"retransmits":	0,
					"snd_cwnd":	1324452,
					"rtt":	1796,
					"omitted":	false
				}],
			"sum":	{
				"start":	4.000064,
				"end":	5.000066,
				"seconds":	1.000002,
				"bytes":	621281280,
				"bits_per_second":	4.970241e+09,
				"retransmits":	0,
				"omitted":	false
			}
		}, {
			"streams":	[{
					"socket":	4,
					"start":	5.000066,
					"end":	6.000080,
					"seconds":	1.000014,
					"bytes":	621281280,
					"bits_per_second":	4.970180e+09,
					"retransmits":	0,
					"snd_cwnd":	1324452,
					"rtt":	1743,
					"omitted":	false
				}],
			"sum":	{
				"start":	5.000066,
				"end":	6.000080,
				"seconds":	1.000014,
				"bytes":	621281280,
				"bits_per_second":	4.970180e+09,
				"retransmits":	0,
				"omitted":	false
			}
		}, {
			"streams":	[{
					"socket":	4,
					"start":	6.000080,
					"end":	7.000072,
					"seconds":	0.999992,
					"bytes":	619970560,
					"bits_per_second":	4.959804e+09,
					"retransmits":	0,
					"snd_cwnd":	1324452,
					"rtt":	1719,
					"omitted":	false
				}],
			"sum":	{
				"start":	6.000080,
				"end":	7.000072,
				"seconds":	0.999992,
				"bytes":	619970560,
				"bits_per_second":	4.959804e+09,
				"retransmits":	0,
				"omitted":	false
			}
		}, {
			"streams":	[{
					"socket":	4,
					"start":	7.000072,
					"end":	8.000062,
					"seconds":	0.999990,
					"bytes":	621281280,
					"bits_per_second":	4.970300e+09,
					"retransmits":	0,
					"snd_cwnd":	1324452,
					"rtt":	1750,
					"omitted":	false
				}],
			"sum":	{
				"start":	7.000072,
				"end":	8.000062,
				"seconds":	0.999990,
				"bytes":	621281280,
				"bits_per_second":	4.970300e+09,
				"retransmits":	0,
				"omitted":	false
			}
		}, {
			"streams":	[{
					"socket":	4,
					"start":	8.000062,
					"end":	9.000070,
					"seconds":	1.000008,
					"bytes":	621281280,
					"bits_per_second":	4.970211e+09,
					"retransmits":	0,
					"snd_cwnd":	1324452,
					"rtt":	1713,
					"omitted":	false
				}],
			"sum":	{
				"start":	8.000062,
				"end":	9.000070,
				"seconds":	1.000008,
				"bytes":	621281280,
				"bits_per_second":	4.970211e+09,
				"retransmits":	0,
				"omitted":	false
			}
		}, {
			"streams":	[{
					"socket":	4,
					"start":	9.000070,
					"end":	10.000083,
					"seconds":	1.000013,
					"bytes":	621281280,
					"bits_per_second":	4.970185e+09,
					"retransmits":	0,
					"snd_cwnd":	1324452,
					"rtt":	1723,
					"omitted":	false
				}],
			"sum":	{
				"start":	9.000070,
				"end":	10.000083,
				"seconds":	1.000013,
				"bytes":	621281280,
				"bits_per_second":	4.970185e+09,
				"retransmits":	0,
				"omitted":	false
			}
		}],
	"end":	{
		"streams":	[{
				"sender":	{
					"socket":	4,
					"start":	0,
					"end":	10.000083,
					"seconds":	10.000083,
					"bytes":	6213256161,
					"bits_per_second":	4.970564e+09,
					"retransmits":	0,
					"max_snd_cwnd":	1324452,
					"max_rtt":	1808,
					"min_rtt":	1713,
					"mean_rtt":	1748
				},
				"receiver":	{
					"socket":	4,
					"start":	0,
					"end":	10.000083,
					"seconds":	10.000083,
					"bytes":	6209818565,
					"bits_per_second":	4.967814e+09
				}
			}],
		"sum_sent":	{
			"start":	0,
			"end":	10.000083,
			"seconds":	10.000083,
			"bytes":	6213256161,
			"bits_per_second":	4.970564e+09,
			"retransmits":	0
		},
		"sum_received":	{
			"start":	0,
			"end":	10.000083,
			"seconds":	10.000083,
			"bytes":	6209818565,
			"bits_per_second":	4.967814e+09
		},
		"cpu_utilization_percent":	{
			"host_total":	7.437165,
			"host_user":	0.450357,
			"host_system":	6.986799,
			"remote_total":	17.455136,
			"remote_user":	3.464455,
			"remote_system":	13.990678
		},
		"sender_tcp_congestion":	"cubic",
		"receiver_tcp_congestion":	"cubic"
	}
}
