{
	"start":	{
		"connected":	[{
				"socket":	4,
				"local_host":	"172.31.3.41",
				"local_port":	42744,
				"remote_host":	"172.31.56.206",
				"remote_port":	5201
			}],
		"version":	"iperf 3.1.7",
		"system_info":	"Linux ip-172-31-3-41.us-west-2.compute.internal 5.10.147-133.644.amzn2.x86_64 #1 SMP Fri Oct 14 01:16:24 UTC 2022 x86_64",
		"timestamp":	{
			"time":	"Sat, 03 Dec 2022 19:00:29 GMT",
			"timesecs":	1670094029
		},
		"connecting_to":	{
			"host":	"ip-172-31-56-206.us-west-2.compute.internal",
			"port":	5201
		},
		"cookie":	"ip-172-31-3-41.us-west-2.compute.int",
		"tcp_mss_default":	8949,
		"test_start":	{
			"protocol":	"TCP",
			"num_streams":	1,
			"blksize":	131072,
			"omit":	0,
			"duration":	10,
			"bytes":	0,
			"blocks":	0,
			"reverse":	0
		}
	},
	"intervals":	[{
			"streams":	[{
					"socket":	4,
					"start":	0,
					"end":	1.000063,
					"seconds":	1.000063,
					"bytes":	613095026,
					"bits_per_second":	4.904452e+09,
					"retransmits":	0,
					"snd_cwnd":	1539228,
					"rtt":	2151,
					"omitted":	false
				}],
			"sum":	{
				"start":	0,
				"end":	1.000063,
				"seconds":	1.000063,
				"bytes":	613095026,
				"bits_per_second":	4.904452e+09,
				"retransmits":	0,
				"omitted":	false
			}
		}, {
			"streams":	[{
					"socket":	4,
					"start":	1.000063,
					"end":	2.000065,
					"seconds":	1.000002,
					"bytes":	621281280,
					"bits_per_second":	4.970241e+09,
					"retransmits":	0,
					"snd_cwnd":	1539228,
					"rtt":	2144,
					"omitted":	false
				}],
			"sum":	{
				"start":	1.000063,
				"end":	2.000065,
				"seconds":	1.000002,
				"bytes":	621281280,
				"bits_per_second":	4.970241e+09,
				"retransmits":	0,
				"omitted":	false
			}
		}, {
			"streams":	[{
					"socket":	4,
					"start":	2.000065,
					"end":	3.000064,
					"seconds":	0.999999,
					"bytes":	621281280,
					"bits_per_second":	4.970255e+09,
					"retransmits":	0,
					"snd_cwnd":	1539228,
					"rtt":	2133,
					"omitted":	false
				}],
			"sum":	{
				"start":	2.000065,
				"end":	3.000064,
				"seconds":	0.999999,
				"bytes":	621281280,
				"bits_per_second":	4.970255e+09,
				"retransmits":	0,
				"omitted":	false
			}
		}, {
			"streams":	[{
					"socket":	4,
					"start":	3.000064,
					"end":	4.000064,
					"seconds":	1,
					"bytes":	619970560,
					"bits_per_second":	4959764480,
					"retransmits":	0,
					"snd_cwnd":	1619769,
					"rtt":	2192,
					"omitted":	false
				}],
			"sum":	{
				"start":	3.000064,
				"end":	4.000064,
				"seconds":	1,
				"bytes":	619970560,
				"bits_per_second":	4959764480,
				"retransmits":	0,
				"omitted":	false
			}
		}, {
			"streams":	[{
					"socket":	4,
					"start":	4.000064,
					"end":	5.000067,
					"seconds":	1.000003,
					"bytes":	621281280,
					"bits_per_second":	4.970235e+09,
					"retransmits":	0,
					"snd_cwnd":	1619769,
					"rtt":	2162,
					"omitted":	false
				}],
			"sum":	{
				"start":	4.000064,
				"end":	5.000067,
				"seconds":	1.000003,
				"bytes":	621281280,
				"bits_per_second":	4.970235e+09,
				"retransmits":	0,
				"omitted":	false
			}
		}, {
			"streams":	[{
					"socket":	4,
					"start":	5.000067,
					"end":	6.000064,
					"seconds":	0.999997,
					"bytes":	621281280,
					"bits_per_second":	4.970266e+09,
					"retransmits":	0,
					"snd_cwnd":	1619769,
					"rtt":	2166,
					"omitted":	false
				}],
			"sum":	{
				"start":	5.000067,
				"end":	6.000064,
				"seconds":	0.999997,
				"bytes":	621281280,
				"bits_per_second":	4.970266e+09,
				"retransmits":	0,
				"omitted":	false
			}
		}, {
			"streams":	[{
					"socket":	4,
					"start":	6.000064,
					"end":	7.000065,
					"seconds":	1.000001,
					"bytes":	621281280,
					"bits_per_second":	4.970246e+09,
					"retransmits":	0,
					"snd_cwnd":	1619769,
					"rtt":	2157,
					"omitted":	false
				}],
			"sum":	{
				"start":	6.000064,
				"end":	7.000065,
				"seconds":	1.000001,
				"bytes":	621281280,
				"bits_per_second":	4.970246e+09,
				"retransmits":	0,
				"omitted":	false
			}
		}, {
			"streams":	[{
					"socket":	4,
					"start":	7.000065,
					"end":	8.000209,
					"seconds":	1.000144,
					"bytes":	621281280,
					"bits_per_second":	4.969535e+09,
					"retransmits":	0,
					"snd_cwnd":	1619769,
					"rtt":	2166,
					"omitted":	false
				}],
			"sum":	{
				"start":	7.000065,
				"end":	8.000209,
				"seconds":	1.000144,
				"bytes":	621281280,
				"bits_per_second":	4.969535e+09,
				"retransmits":	0,
				"omitted":	false
			}
		}, {
			"streams":	[{
					"socket":	4,
					"start":	8.000209,
					"end":	9.000067,
					"seconds":	0.999858,
					"bytes":	619970560,
					"bits_per_second":	4.960468e+09,
					"retransmits":	0,
					"snd_cwnd":	1619769,
					"rtt":	2183,
					"omitted":	false
				}],
			"sum":	{
				"start":	8.000209,
				"end":	9.000067,
				"seconds":	0.999858,
				"bytes":	619970560,
				"bits_per_second":	4.960468e+09,
				"retransmits":	0,
				"omitted":	false
			}
		}, {
			"streams":	[{
					"socket":	4,
					"start":	9.000067,
					"end":	10.000077,
					"seconds":	1.000010,
					"bytes":	621281280,
					"bits_per_second":	4.970200e+09,
					"retransmits":	0,
					"snd_cwnd":	1619769,
					"rtt":	2166,
					"omitted":	false
				}],
			"sum":	{
				"start":	9.000067,
				"end":	10.000077,
				"seconds":	1.000010,
				"bytes":	621281280,
				"bits_per_second":	4.970200e+09,
				"retransmits":	0,
				"omitted":	false
			}
		}],
	"end":	{
		"streams":	[{
				"sender":	{
					"socket":	4,
					"start":	0,
					"end":	10.000077,
					"seconds":	10.000077,
					"bytes":	6202005106,
					"bits_per_second":	4.961566e+09,
					"retransmits":	0,
					"max_snd_cwnd":	1619769,
					"max_rtt":	2192,
					"min_rtt":	2133,
					"mean_rtt":	2162
				},
				"receiver":	{
					"socket":	4,
					"start":	0,
					"end":	10.000077,
					"seconds":	10.000077,
					"bytes":	6200117849,
					"bits_per_second":	4.960056e+09
				}
			}],
		"sum_sent":	{
			"start":	0,
			"end":	10.000077,
			"seconds":	10.000077,
			"bytes":	6202005106,
			"bits_per_second":	4.961566e+09,
			"retransmits":	0
		},
		"sum_received":	{
			"start":	0,
			"end":	10.000077,
			"seconds":	10.000077,
			"bytes":	6200117849,
			"bits_per_second":	4.960056e+09
		},
		"cpu_utilization_percent":	{
			"host_total":	8.512755,
			"host_user":	0.237186,
			"host_system":	8.275549,
			"remote_total":	30.395779,
			"remote_user":	6.774705,
			"remote_system":	23.621069
		},
		"sender_tcp_congestion":	"cubic",
		"receiver_tcp_congestion":	"cubic"
	}
}