{
	"start":	{
		"connected":	[{
				"socket":	4,
				"local_host":	"172.31.10.252",
				"local_port":	58216,
				"remote_host":	"172.31.3.41",
				"remote_port":	5201
			}],
		"version":	"iperf 3.1.7",
		"system_info":	"Linux ip-172-31-10-252.us-west-2.compute.internal 5.10.147-133.644.amzn2.x86_64 #1 SMP Fri Oct 14 01:16:24 UTC 2022 x86_64",
		"timestamp":	{
			"time":	"Sat, 03 Dec 2022 18:54:24 GMT",
			"timesecs":	1670093664
		},
		"connecting_to":	{
			"host":	"ip-172-31-3-41.us-west-2.compute.internal",
			"port":	5201
		},
		"cookie":	"ip-172-31-10-252.us-west-2.compute.i",
		"tcp_mss_default":	8949,
		"test_start":	{
			"protocol":	"TCP",
			"num_streams":	1,
			"blksize":	131072,
			"omit":	0,
			"duration":	10,
			"bytes":	0,
			"blocks":	0,
			"reverse":	0
		}
	},
	"intervals":	[{
			"streams":	[{
					"socket":	4,
					"start":	0,
					"end":	1.000060,
					"seconds":	1.000060,
					"bytes":	1195653672,
					"bits_per_second":	9.564655e+09,
					"retransmits":	0,
					"snd_cwnd":	1306554,
					"rtt":	882,
					"omitted":	false
				}],
			"sum":	{
				"start":	0,
				"end":	1.000060,
				"seconds":	1.000060,
				"bytes":	1195653672,
				"bits_per_second":	9.564655e+09,
				"retransmits":	0,
				"omitted":	false
			}
		}, {
			"streams":	[{
					"socket":	4,
					"start":	1.000060,
					"end":	2.000062,
					"seconds":	1.000002,
					"bytes":	1191444480,
					"bits_per_second":	9.531538e+09,
					"retransmits":	0,
					"snd_cwnd":	1306554,
					"rtt":	864,
					"omitted":	false
				}],
			"sum":	{
				"start":	1.000060,
				"end":	2.000062,
				"seconds":	1.000002,
				"bytes":	1191444480,
				"bits_per_second":	9.531538e+09,
				"retransmits":	0,
				"omitted":	false
			}
		}, {
			"streams":	[{
					"socket":	4,
					"start":	2.000062,
					"end":	3.000062,
					"seconds":	1,
					"bytes":	1191444480,
					"bits_per_second":	9531555840,
					"retransmits":	0,
					"snd_cwnd":	1306554,
					"rtt":	874,
					"omitted":	false
				}],
			"sum":	{
				"start":	2.000062,
				"end":	3.000062,
				"seconds":	1,
				"bytes":	1191444480,
				"bits_per_second":	9531555840,
				"retransmits":	0,
				"omitted":	false
			}
		}, {
			"streams":	[{
					"socket":	4,
					"start":	3.000062,
					"end":	4.000064,
					"seconds":	1.000002,
					"bytes":	1191444480,
					"bits_per_second":	9.531535e+09,
					"retransmits":	0,
					"snd_cwnd":	1306554,
					"rtt":	883,
					"omitted":	false
				}],
			"sum":	{
				"start":	3.000062,
				"end":	4.000064,
				"seconds":	1.000002,
				"bytes":	1191444480,
				"bits_per_second":	9.531535e+09,
				"retransmits":	0,
				"omitted":	false
			}
		}, {
			"streams":	[{
					"socket":	4,
					"start":	4.000064,
					"end":	5.000177,
					"seconds":	1.000113,
					"bytes":	1192755200,
					"bits_per_second":	9.540963e+09,
					"retransmits":	0,
					"snd_cwnd":	1306554,
					"rtt":	891,
					"omitted":	false
				}],
			"sum":	{
				"start":	4.000064,
				"end":	5.000177,
				"seconds":	1.000113,
				"bytes":	1192755200,
				"bits_per_second":	9.540963e+09,
				"retransmits":	0,
				"omitted":	false
			}
		}, {
			"streams":	[{
					"socket":	4,
					"start":	5.000177,
					"end":	6.000146,
					"seconds":	0.999969,
					"bytes":	1191444480,
					"bits_per_second":	9.531851e+09,
					"retransmits":	0,
					"snd_cwnd":	1306554,
					"rtt":	895,
					"omitted":	false
				}],
			"sum":	{
				"start":	5.000177,
				"end":	6.000146,
				"seconds":	0.999969,
				"bytes":	1191444480,
				"bits_per_second":	9.531851e+09,
				"retransmits":	0,
				"omitted":	false
			}
		}, {
			"streams":	[{
					"socket":	4,
					"start":	6.000146,
					"end":	7.000118,
					"seconds":	0.999972,
					"bytes":	1191444480,
					"bits_per_second":	9.531824e+09,
					"retransmits":	0,
					"snd_cwnd":	1378146,
					"rtt":	910,
					"omitted":	false
				}],
			"sum":	{
				"start":	6.000146,
				"end":	7.000118,
				"seconds":	0.999972,
				"bytes":	1191444480,
				"bits_per_second":	9.531824e+09,
				"retransmits":	0,
				"omitted":	false
			}
		}, {
			"streams":	[{
					"socket":	4,
					"start":	7.000118,
					"end":	8.000081,
					"seconds":	0.999963,
					"bytes":	1191444480,
					"bits_per_second":	9.531908e+09,
					"retransmits":	0,
					"snd_cwnd":	1378146,
					"rtt":	897,
					"omitted":	false
				}],
			"sum":	{
				"start":	7.000118,
				"end":	8.000081,
				"seconds":	0.999963,
				"bytes":	1191444480,
				"bits_per_second":	9.531908e+09,
				"retransmits":	0,
				"omitted":	false
			}
		}, {
			"streams":	[{
					"socket":	4,
					"start":	8.000081,
					"end":	9.000026,
					"seconds":	0.999945,
					"bytes":	1191444480,
					"bits_per_second":	9.532081e+09,
					"retransmits":	0,
					"snd_cwnd":	1378146,
					"rtt":	916,
					"omitted":	false
				}],
			"sum":	{
				"start":	8.000081,
				"end":	9.000026,
				"seconds":	0.999945,
				"bytes":	1191444480,
				"bits_per_second":	9.532081e+09,
				"retransmits":	0,
				"omitted":	false
			}
		}, {
			"streams":	[{
					"socket":	4,
					"start":	9.000026,
					"end":	10.000052,
					"seconds":	1.000026,
					"bytes":	1191444480,
					"bits_per_second":	9.531308e+09,
					"retransmits":	0,
					"snd_cwnd":	2067219,
					"rtt":	928,
					"omitted":	false
				}],
			"sum":	{
				"start":	9.000026,
				"end":	10.000052,
				"seconds":	1.000026,
				"bytes":	1191444480,
				"bits_per_second":	9.531308e+09,
				"retransmits":	0,
				"omitted":	false
			}
		}],
	"end":	{
		"streams":	[{
				"sender":	{
					"socket":	4,
					"start":	0,
					"end":	10.000052,
					"seconds":	10.000052,
					"bytes":	11919964712,
					"bits_per_second":	9.535922e+09,
					"retransmits":	0,
					"max_snd_cwnd":	2067219,
					"max_rtt":	928,
					"min_rtt":	864,
					"mean_rtt":	894
				},
				"receiver":	{
					"socket":	4,
					"start":	0,
					"end":	10.000052,
					"seconds":	10.000052,
					"bytes":	11916211058,
					"bits_per_second":	9.532919e+09
				}
			}],
		"sum_sent":	{
			"start":	0,
			"end":	10.000052,
			"seconds":	10.000052,
			"bytes":	11919964712,
			"bits_per_second":	9.535922e+09,
			"retransmits":	0
		},
		"sum_received":	{
			"start":	0,
			"end":	10.000052,
			"seconds":	10.000052,
			"bytes":	11916211058,
			"bits_per_second":	9.532919e+09
		},
		"cpu_utilization_percent":	{
			"host_total":	13.169766,
			"host_user":	0.726913,
			"host_system":	12.442854,
			"remote_total":	46.511911,
			"remote_user":	8.304646,
			"remote_system":	38.207258
		},
		"sender_tcp_congestion":	"cubic",
		"receiver_tcp_congestion":	"cubic"
	}
}
