{
	"start":	{
		"connected":	[{
				"socket":	4,
				"local_host":	"172.31.38.148",
				"local_port":	33716,
				"remote_host":	"172.31.3.41",
				"remote_port":	5201
			}],
		"version":	"iperf 3.1.7",
		"system_info":	"Linux ip-172-31-38-148.us-west-2.compute.internal 5.10.147-133.644.amzn2.x86_64 #1 SMP Fri Oct 14 01:16:24 UTC 2022 x86_64",
		"timestamp":	{
			"time":	"Sat, 03 Dec 2022 19:01:39 GMT",
			"timesecs":	1670094099
		},
		"connecting_to":	{
			"host":	"ip-172-31-3-41.us-west-2.compute.internal",
			"port":	5201
		},
		"cookie":	"ip-172-31-38-148.us-west-2.compute.i",
		"tcp_mss_default":	8949,
		"test_start":	{
			"protocol":	"TCP",
			"num_streams":	1,
			"blksize":	131072,
			"omit":	0,
			"duration":	10,
			"bytes":	0,
			"blocks":	0,
			"reverse":	0
		}
	},
	"intervals":	[{
			"streams":	[{
					"socket":	4,
					"start":	0,
					"end":	1.000067,
					"seconds":	1.000067,
					"bytes":	622453212,
					"bits_per_second":	4.979292e+09,
					"retransmits":	0,
					"snd_cwnd":	1261809,
					"rtt":	1734,
					"omitted":	false
				}],
			"sum":	{
				"start":	0,
				"end":	1.000067,
				"seconds":	1.000067,
				"bytes":	622453212,
				"bits_per_second":	4.979292e+09,
				"retransmits":	0,
				"omitted":	false
			}
		}, {
			"streams":	[{
					"socket":	4,
					"start":	1.000067,
					"end":	2.000225,
					"seconds":	1.000158,
					"bytes":	621281280,
					"bits_per_second":	4.969466e+09,
					"retransmits":	0,
					"snd_cwnd":	1261809,
					"rtt":	1740,
					"omitted":	false
				}],
			"sum":	{
				"start":	1.000067,
				"end":	2.000225,
				"seconds":	1.000158,
				"bytes":	621281280,
				"bits_per_second":	4.969466e+09,
				"retransmits":	0,
				"omitted":	false
			}
		}, {
			"streams":	[{
					"socket":	4,
					"start":	2.000225,
					"end":	3.000068,
					"seconds":	0.999843,
					"bytes":	619970560,
					"bits_per_second":	4.960543e+09,
					"retransmits":	0,
					"snd_cwnd":	1387095,
					"rtt":	1798,
					"omitted":	false
				}],
			"sum":	{
				"start":	2.000225,
				"end":	3.000068,
				"seconds":	0.999843,
				"bytes":	619970560,
				"bits_per_second":	4.960543e+09,
				"retransmits":	0,
				"omitted":	false
			}
		}, {
			"streams":	[{
					"socket":	4,
					"start":	3.000068,
					"end":	4.000069,
					"seconds":	1.000001,
					"bytes":	621281280,
					"bits_per_second":	4.970246e+09,
					"retransmits":	0,
					"snd_cwnd":	1387095,
					"rtt":	1811,
					"omitted":	false
				}],
			"sum":	{
				"start":	3.000068,
				"end":	4.000069,
				"seconds":	1.000001,
				"bytes":	621281280,
				"bits_per_second":	4.970246e+09,
				"retransmits":	0,
				"omitted":	false
			}
		}, {
			"streams":	[{
					"socket":	4,
					"start":	4.000069,
					"end":	5.000068,
					"seconds":	0.999999,
					"bytes":	621281280,
					"bits_per_second":	4.970255e+09,
					"retransmits":	0,
					"snd_cwnd":	1387095,
					"rtt":	1813,
					"omitted":	false
				}],
			"sum":	{
				"start":	4.000069,
				"end":	5.000068,
				"seconds":	0.999999,
				"bytes":	621281280,
				"bits_per_second":	4.970255e+09,
				"retransmits":	0,
				"omitted":	false
			}
		}, {
			"streams":	[{
					"socket":	4,
					"start":	5.000068,
					"end":	6.000069,
					"seconds":	1.000001,
					"bytes":	621281280,
					"bits_per_second":	4.970246e+09,
					"retransmits":	0,
					"snd_cwnd":	1387095,
					"rtt":	1823,
					"omitted":	false
				}],
			"sum":	{
				"start":	5.000068,
				"end":	6.000069,
				"seconds":	1.000001,
				"bytes":	621281280,
				"bits_per_second":	4.970246e+09,
				"retransmits":	0,
				"omitted":	false
			}
		}, {
			"streams":	[{
					"socket":	4,
					"start":	6.000069,
					"end":	7.000068,
					"seconds":	0.999999,
					"bytes":	619970560,
					"bits_per_second":	4.959769e+09,
					"retransmits":	0,
					"snd_cwnd":	1387095,
					"rtt":	1816,
					"omitted":	false
				}],
			"sum":	{
				"start":	6.000069,
				"end":	7.000068,
				"seconds":	0.999999,
				"bytes":	619970560,
				"bits_per_second":	4.959769e+09,
				"retransmits":	0,
				"omitted":	false
			}
		}, {
			"streams":	[{
					"socket":	4,
					"start":	7.000068,
					"end":	8.000068,
					"seconds":	1,
					"bytes":	621281280,
					"bits_per_second":	4970250240,
					"retransmits":	0,
					"snd_cwnd":	1387095,
					"rtt":	1816,
					"omitted":	false
				}],
			"sum":	{
				"start":	7.000068,
				"end":	8.000068,
				"seconds":	1,
				"bytes":	621281280,
				"bits_per_second":	4970250240,
				"retransmits":	0,
				"omitted":	false
			}
		}, {
			"streams":	[{
					"socket":	4,
					"start":	8.000068,
					"end":	9.000067,
					"seconds":	0.999999,
					"bytes":	621281280,
					"bits_per_second":	4.970255e+09,
					"retransmits":	0,
					"snd_cwnd":	1387095,
					"rtt":	1821,
					"omitted":	false
				}],
			"sum":	{
				"start":	8.000068,
				"end":	9.000067,
				"seconds":	0.999999,
				"bytes":	621281280,
				"bits_per_second":	4.970255e+09,
				"retransmits":	0,
				"omitted":	false
			}
		}, {
			"streams":	[{
					"socket":	4,
					"start":	9.000067,
					"end":	10.000078,
					"seconds":	1.000011,
					"bytes":	621281280,
					"bits_per_second":	4.970196e+09,
					"retransmits":	0,
					"snd_cwnd":	1387095,
					"rtt":	1831,
					"omitted":	false
				}],
			"sum":	{
				"start":	9.000067,
				"end":	10.000078,
				"seconds":	1.000011,
				"bytes":	621281280,
				"bits_per_second":	4.970196e+09,
				"retransmits":	0,
				"omitted":	false
			}
		}],
	"end":	{
		"streams":	[{
				"sender":	{
					"socket":	4,
					"start":	0,
					"end":	10.000078,
					"seconds":	10.000078,
					"bytes":	6211363292,
					"bits_per_second":	4.969052e+09,
					"retransmits":	0,
					"max_snd_cwnd":	1387095,
					"max_rtt":	1831,
					"min_rtt":	1734,
					"mean_rtt":	1800
				},
				"receiver":	{
					"socket":	4,
					"start":	0,
					"end":	10.000078,
					"seconds":	10.000078,
					"bytes":	6207957173,
					"bits_per_second":	4.966327e+09
				}
			}],
		"sum_sent":	{
			"start":	0,
			"end":	10.000078,
			"seconds":	10.000078,
			"bytes":	6211363292,
			"bits_per_second":	4.969052e+09,
			"retransmits":	0
		},
		"sum_received":	{
			"start":	0,
			"end":	10.000078,
			"seconds":	10.000078,
			"bytes":	6207957173,
			"bits_per_second":	4.966327e+09
		},
		"cpu_utilization_percent":	{
			"host_total":	7.362475,
			"host_user":	0.629133,
			"host_system":	6.733332,
			"remote_total":	15.274482,
			"remote_user":	3.414796,
			"remote_system":	11.859683
		},
		"sender_tcp_congestion":	"cubic",
		"receiver_tcp_congestion":	"cubic"
	}
}
